"","month","department","variable","value"
"1",2012-03-01,"BIS","agency",104
"2",2012-04-01,"BIS","agency",110
"3",2012-05-01,"BIS","agency",116
"4",2012-06-01,"BIS","agency",127
"5",2012-07-01,"BIS","agency",134
"6",2012-08-01,"BIS","agency",141
"7",2012-09-01,"BIS","agency",136
"8",2012-10-01,"BIS","agency",131
"9",2012-11-01,"BIS","agency",132
"10",2012-12-01,"BIS","agency",136
"11",2013-01-01,"BIS","agency",140
"12",2013-02-01,"BIS","agency",148
"13",2013-03-01,"BIS","agency",149
"14",2013-04-01,"BIS","agency",147
"15",2013-05-01,"BIS","agency",118
"16",2013-06-01,"BIS","agency",123
"17",2012-03-01,"BIS","interim",27
"18",2012-04-01,"BIS","interim",27
"19",2012-05-01,"BIS","interim",28
"20",2012-06-01,"BIS","interim",25
"21",2012-07-01,"BIS","interim",25
"22",2012-08-01,"BIS","interim",22
"23",2012-09-01,"BIS","interim",19
"24",2012-10-01,"BIS","interim",17
"25",2012-11-01,"BIS","interim",14
"26",2012-12-01,"BIS","interim",13
"27",2013-01-01,"BIS","interim",14
"28",2013-02-01,"BIS","interim",14
"29",2013-03-01,"BIS","interim",14
"30",2013-04-01,"BIS","interim",14
"31",2013-05-01,"BIS","interim",13
"32",2013-06-01,"BIS","interim",13
"33",2012-03-01,"BIS","specialist",106
"34",2012-04-01,"BIS","specialist",107
"35",2012-05-01,"BIS","specialist",104
"36",2012-06-01,"BIS","specialist",92
"37",2012-07-01,"BIS","specialist",101
"38",2012-08-01,"BIS","specialist",105
"39",2012-09-01,"BIS","specialist",107
"40",2012-10-01,"BIS","specialist",104
"41",2012-11-01,"BIS","specialist",101
"42",2012-12-01,"BIS","specialist",100
"43",2013-01-01,"BIS","specialist",97
"44",2013-02-01,"BIS","specialist",99
"45",2013-03-01,"BIS","specialist",106
"46",2013-04-01,"BIS","specialist",106
"47",2013-05-01,"BIS","specialist",107
"48",2013-06-01,"BIS","specialist",103
"49",2012-03-01,"BIS","consultant",88
"50",2012-04-01,"BIS","consultant",91
"51",2012-05-01,"BIS","consultant",96
"52",2012-06-01,"BIS","consultant",97
"53",2012-07-01,"BIS","consultant",97
"54",2012-08-01,"BIS","consultant",94
"55",2012-09-01,"BIS","consultant",90
"56",2012-10-01,"BIS","consultant",81
"57",2012-11-01,"BIS","consultant",74
"58",2012-12-01,"BIS","consultant",89
"59",2013-01-01,"BIS","consultant",94
"60",2013-02-01,"BIS","consultant",102
"61",2013-03-01,"BIS","consultant",108
"62",2013-04-01,"BIS","consultant",108
"63",2013-05-01,"BIS","consultant",97
"64",2013-06-01,"BIS","consultant",98
"65",2012-03-01,"CO","agency",6
"66",2012-04-01,"CO","agency",4
"67",2012-05-01,"CO","agency",15
"68",2012-06-01,"CO","agency",3
"69",2012-07-01,"CO","agency",4
"70",2012-08-01,"CO","agency",3
"71",2012-09-01,"CO","agency",4
"72",2012-10-01,"CO","agency",4
"73",2012-11-01,"CO","agency",3
"74",2012-12-01,"CO","agency",3
"75",2013-01-01,"CO","agency",4
"76",2013-02-01,"CO","agency",4
"77",2013-03-01,"CO","agency",4
"78",2013-04-01,"CO","agency",4
"79",2013-05-01,"CO","agency",5
"80",2013-06-01,"CO","agency",5
"81",2013-07-01,"CO","agency",4
"82",2013-08-01,"CO","agency",4.75
"83",2013-09-01,"CO","agency",5.75
"84",2013-10-01,"CO","agency",3.75
"85",2013-11-01,"CO","agency",3.75
"86",2013-12-01,"CO","agency",6.75
"87",2014-01-01,"CO","agency",2.75
"88",2014-02-01,"CO","agency",5.75
"89",2014-03-01,"CO","agency",4.75
"90",2012-03-01,"CO","interim",66.35
"91",2012-04-01,"CO","interim",53.6
"92",2012-05-01,"CO","interim",75
"93",2012-06-01,"CO","interim",65.58
"94",2012-07-01,"CO","interim",82.68
"95",2012-08-01,"CO","interim",51.56
"96",2012-09-01,"CO","interim",84.56
"97",2012-10-01,"CO","interim",50.4
"98",2012-11-01,"CO","interim",49.76
"99",2012-12-01,"CO","interim",28.5
"100",2013-01-01,"CO","interim",37.79
"101",2013-02-01,"CO","interim",88.28
"102",2013-03-01,"CO","interim",75.95
"103",2013-04-01,"CO","interim",83.12
"104",2013-05-01,"CO","interim",78.09
"105",2013-06-01,"CO","interim",117.7
"106",2013-07-01,"CO","interim",132.2
"107",2013-08-01,"CO","interim",141.4
"108",2013-09-01,"CO","interim",201
"109",2013-10-01,"CO","interim",224.1
"110",2013-11-01,"CO","interim",279
"111",2013-12-01,"CO","interim",258.1
"112",2014-01-01,"CO","interim",258.2
"113",2014-02-01,"CO","interim",299.8
"114",2014-03-01,"CO","interim",270.2
"115",2012-03-01,"CO","specialist",1
"116",2012-04-01,"CO","specialist",7
"117",2012-05-01,"CO","specialist",7
"118",2012-06-01,"CO","specialist",4
"119",2012-07-01,"CO","specialist",2
"120",2012-08-01,"CO","specialist",6.32
"121",2012-09-01,"CO","specialist",4
"122",2012-10-01,"CO","specialist",36.7
"123",2012-11-01,"CO","specialist",28.68
"124",2012-12-01,"CO","specialist",32.5
"125",2013-01-01,"CO","specialist",30.57
"126",2013-02-01,"CO","specialist",8
"127",2013-03-01,"CO","specialist",6.38
"128",2013-04-01,"CO","specialist",13.38
"129",2013-05-01,"CO","specialist",14.57
"130",2013-06-01,"CO","specialist",12.2
"131",2013-07-01,"CO","specialist",10
"132",2013-08-01,"CO","specialist",11
"133",2013-09-01,"CO","specialist",18.1
"134",2013-10-01,"CO","specialist",12
"135",2013-11-01,"CO","specialist",10
"136",2013-12-01,"CO","specialist",8
"137",2014-01-01,"CO","specialist",9
"138",2014-02-01,"CO","specialist",6
"139",2014-03-01,"CO","specialist",5
"140",2012-03-01,"CO","consultant",7.1
"141",2012-04-01,"CO","consultant",2.87
"142",2012-05-01,"CO","consultant",2.55
"143",2012-06-01,"CO","consultant",7
"144",2012-07-01,"CO","consultant",4.62
"145",2012-08-01,"CO","consultant",1.26
"146",2012-09-01,"CO","consultant",0
"147",2012-10-01,"CO","consultant",3.22
"148",2012-11-01,"CO","consultant",8.19
"149",2012-12-01,"CO","consultant",9
"150",2013-01-01,"CO","consultant",6
"151",2013-02-01,"CO","consultant",9
"152",2013-03-01,"CO","consultant",14.8
"153",2013-04-01,"CO","consultant",5
"154",2013-05-01,"CO","consultant",20
"155",2013-06-01,"CO","consultant",20
"156",2013-07-01,"CO","consultant",34.25
"157",2013-08-01,"CO","consultant",19.1
"158",2013-09-01,"CO","consultant",7.75
"159",2013-10-01,"CO","consultant",22.5
"160",2013-11-01,"CO","consultant",25.5
"161",2013-12-01,"CO","consultant",13
"162",2014-01-01,"CO","consultant",3.25
"163",2014-02-01,"CO","consultant",13
"164",2014-03-01,"CO","consultant",12
"165",2012-03-01,"DCLG","agency",14
"166",2012-04-01,"DCLG","agency",14
"167",2012-05-01,"DCLG","agency",11
"168",2012-06-01,"DCLG","agency",4
"169",2012-07-01,"DCLG","agency",7
"170",2012-08-01,"DCLG","agency",7
"171",2012-09-01,"DCLG","agency",7
"172",2012-10-01,"DCLG","agency",9
"173",2012-11-01,"DCLG","agency",6
"174",2012-12-01,"DCLG","agency",7
"175",2013-01-01,"DCLG","agency",7
"176",2013-02-01,"DCLG","agency",6
"177",2013-03-01,"DCLG","agency",4
"178",2013-04-01,"DCLG","agency",6
"179",2013-05-01,"DCLG","agency",2
"180",2013-06-01,"DCLG","agency",2
"181",2013-07-01,"DCLG","agency",2
"182",2013-08-01,"DCLG","agency",3
"183",2013-09-01,"DCLG","agency",2
"184",2013-10-01,"DCLG","agency",1
"185",2013-11-01,"DCLG","agency",3
"186",2013-12-01,"DCLG","agency",3
"187",2014-01-01,"DCLG","agency",3
"188",2014-02-01,"DCLG","agency",5
"189",2014-03-01,"DCLG","agency",4
"190",2012-03-01,"DCLG","interim",5
"191",2012-04-01,"DCLG","interim",3
"192",2012-05-01,"DCLG","interim",4
"193",2012-06-01,"DCLG","interim",3
"194",2012-07-01,"DCLG","interim",3
"195",2012-08-01,"DCLG","interim",4
"196",2012-09-01,"DCLG","interim",4
"197",2012-10-01,"DCLG","interim",3
"198",2012-11-01,"DCLG","interim",5
"199",2012-12-01,"DCLG","interim",3
"200",2013-01-01,"DCLG","interim",3
"201",2013-02-01,"DCLG","interim",2
"202",2013-03-01,"DCLG","interim",2
"203",2013-04-01,"DCLG","interim",1
"204",2013-05-01,"DCLG","interim",4
"205",2013-06-01,"DCLG","interim",9
"206",2013-07-01,"DCLG","interim",4
"207",2013-08-01,"DCLG","interim",3
"208",2013-09-01,"DCLG","interim",2
"209",2013-10-01,"DCLG","interim",2
"210",2013-11-01,"DCLG","interim",1
"211",2013-12-01,"DCLG","interim",1
"212",2014-01-01,"DCLG","interim",1
"213",2014-02-01,"DCLG","interim",1
"214",2014-03-01,"DCLG","interim",1
"215",2012-03-01,"DCLG","specialist",27
"216",2012-04-01,"DCLG","specialist",24
"217",2012-05-01,"DCLG","specialist",22
"218",2012-06-01,"DCLG","specialist",19
"219",2012-07-01,"DCLG","specialist",17
"220",2012-08-01,"DCLG","specialist",16
"221",2012-09-01,"DCLG","specialist",16
"222",2012-10-01,"DCLG","specialist",24
"223",2012-11-01,"DCLG","specialist",31
"224",2012-12-01,"DCLG","specialist",30
"225",2013-01-01,"DCLG","specialist",43
"226",2013-02-01,"DCLG","specialist",52
"227",2013-03-01,"DCLG","specialist",49
"228",2013-04-01,"DCLG","specialist",46
"229",2013-05-01,"DCLG","specialist",49
"230",2013-06-01,"DCLG","specialist",52
"231",2013-07-01,"DCLG","specialist",71
"232",2013-08-01,"DCLG","specialist",68
"233",2013-09-01,"DCLG","specialist",38
"234",2013-10-01,"DCLG","specialist",43.2
"235",2013-11-01,"DCLG","specialist",47.2
"236",2013-12-01,"DCLG","specialist",48.2
"237",2014-01-01,"DCLG","specialist",42.2
"238",2014-02-01,"DCLG","specialist",41
"239",2014-03-01,"DCLG","specialist",29.21
"240",2012-03-01,"DCLG","consultant",7
"241",2012-04-01,"DCLG","consultant",4
"242",2012-05-01,"DCLG","consultant",4
"243",2012-06-01,"DCLG","consultant",5
"244",2012-07-01,"DCLG","consultant",5
"245",2012-08-01,"DCLG","consultant",5
"246",2012-09-01,"DCLG","consultant",5
"247",2012-10-01,"DCLG","consultant",3
"248",2012-11-01,"DCLG","consultant",3
"249",2012-12-01,"DCLG","consultant",3
"250",2013-01-01,"DCLG","consultant",4
"251",2013-02-01,"DCLG","consultant",5
"252",2013-03-01,"DCLG","consultant",5
"253",2013-04-01,"DCLG","consultant",3
"254",2013-05-01,"DCLG","consultant",2
"255",2013-06-01,"DCLG","consultant",2
"256",2013-07-01,"DCLG","consultant",5
"257",2013-08-01,"DCLG","consultant",5
"258",2013-09-01,"DCLG","consultant",4
"259",2013-10-01,"DCLG","consultant",5
"260",2013-11-01,"DCLG","consultant",5
"261",2013-12-01,"DCLG","consultant",5
"262",2014-01-01,"DCLG","consultant",3
"263",2014-02-01,"DCLG","consultant",3
"264",2014-03-01,"DCLG","consultant",3
"265",2013-04-01,"DCMS","agency",28
"266",2013-05-01,"DCMS","agency",44
"267",2013-06-01,"DCMS","agency",45
"268",2013-07-01,"DCMS","agency",44
"269",2013-08-01,"DCMS","agency",11
"270",2013-09-01,"DCMS","agency",11
"271",2013-10-01,"DCMS","agency",11
"272",2013-11-01,"DCMS","agency",12
"273",2013-12-01,"DCMS","agency",12
"274",2014-01-01,"DCMS","agency",13
"275",2014-02-01,"DCMS","agency",12
"276",2014-03-01,"DCMS","agency",12
"277",2013-04-01,"DCMS","interim",18
"278",2013-05-01,"DCMS","interim",2
"279",2013-06-01,"DCMS","interim",9.95
"280",2013-07-01,"DCMS","interim",9.5
"281",2013-08-01,"DCMS","interim",0
"282",2013-09-01,"DCMS","interim",0
"283",2013-10-01,"DCMS","interim",0
"284",2013-11-01,"DCMS","interim",1
"285",2013-12-01,"DCMS","interim",1
"286",2014-01-01,"DCMS","interim",25
"287",2014-02-01,"DCMS","interim",28
"288",2014-03-01,"DCMS","interim",28
"289",2013-04-01,"DCMS","specialist",17
"290",2013-05-01,"DCMS","specialist",19
"291",2013-06-01,"DCMS","specialist",17
"292",2013-07-01,"DCMS","specialist",17
"293",2013-08-01,"DCMS","specialist",17
"294",2013-09-01,"DCMS","specialist",17
"295",2013-10-01,"DCMS","specialist",17
"296",2013-11-01,"DCMS","specialist",17
"297",2013-12-01,"DCMS","specialist",17
"298",2014-01-01,"DCMS","specialist",8
"299",2014-02-01,"DCMS","specialist",8
"300",2014-03-01,"DCMS","specialist",11
"301",2013-04-01,"DCMS","consultant",20
"302",2013-05-01,"DCMS","consultant",23
"303",2013-06-01,"DCMS","consultant",20
"304",2013-07-01,"DCMS","consultant",20
"305",2013-08-01,"DCMS","consultant",50
"306",2013-09-01,"DCMS","consultant",50
"307",2013-10-01,"DCMS","consultant",50
"308",2013-11-01,"DCMS","consultant",20
"309",2013-12-01,"DCMS","consultant",20
"310",2014-01-01,"DCMS","consultant",7.9
"311",2014-02-01,"DCMS","consultant",7.9
"312",2014-03-01,"DCMS","consultant",7.9
"313",2012-03-01,"DECC","agency",45.55
"314",2012-04-01,"DECC","agency",0
"315",2012-05-01,"DECC","agency",48.55
"316",2012-06-01,"DECC","agency",51.55
"317",2012-07-01,"DECC","agency",49
"318",2012-08-01,"DECC","agency",43
"319",2012-09-01,"DECC","agency",40
"320",2012-10-01,"DECC","agency",41.61
"321",2012-11-01,"DECC","agency",49.61
"322",2012-12-01,"DECC","agency",52.61
"323",2013-01-01,"DECC","agency",55.61
"324",2013-02-01,"DECC","agency",52.61
"325",2013-03-01,"DECC","agency",57
"326",2013-04-01,"DECC","agency",58
"327",2013-05-01,"DECC","agency",52
"328",2013-06-01,"DECC","agency",54
"329",2013-07-01,"DECC","agency",59
"330",2013-08-01,"DECC","agency",64
"331",2013-09-01,"DECC","agency",61
"332",2013-10-01,"DECC","agency",65
"333",2013-11-01,"DECC","agency",64
"334",2013-12-01,"DECC","agency",64
"335",2014-01-01,"DECC","agency",66.97
"336",2014-02-01,"DECC","agency",67.97
"337",2014-03-01,"DECC","agency",68.69
"338",2012-03-01,"DECC","interim",2.81
"339",2012-04-01,"DECC","interim",0
"340",2012-05-01,"DECC","interim",0.81
"341",2012-06-01,"DECC","interim",1.81
"342",2012-07-01,"DECC","interim",1.81
"343",2012-08-01,"DECC","interim",1.81
"344",2012-09-01,"DECC","interim",1.81
"345",2012-10-01,"DECC","interim",1.81
"346",2012-11-01,"DECC","interim",0.81
"347",2012-12-01,"DECC","interim",0.81
"348",2013-01-01,"DECC","interim",0
"349",2013-02-01,"DECC","interim",0
"350",2013-03-01,"DECC","interim",1
"351",2013-04-01,"DECC","interim",8
"352",2013-05-01,"DECC","interim",17
"353",2013-06-01,"DECC","interim",14
"354",2013-07-01,"DECC","interim",8
"355",2013-08-01,"DECC","interim",8
"356",2013-09-01,"DECC","interim",8
"357",2013-10-01,"DECC","interim",7
"358",2013-11-01,"DECC","interim",7
"359",2013-12-01,"DECC","interim",8.8
"360",2014-01-01,"DECC","interim",8.8
"361",2014-02-01,"DECC","interim",8.88
"362",2014-03-01,"DECC","interim",8.8
"363",2012-03-01,"DECC","specialist",109.81
"364",2012-04-01,"DECC","specialist",0
"365",2012-05-01,"DECC","specialist",124.91
"366",2012-06-01,"DECC","specialist",123.33
"367",2012-07-01,"DECC","specialist",105.33
"368",2012-08-01,"DECC","specialist",109.13
"369",2012-09-01,"DECC","specialist",115.15
"370",2012-10-01,"DECC","specialist",110.07
"371",2012-11-01,"DECC","specialist",116.07
"372",2012-12-01,"DECC","specialist",112.13
"373",2013-01-01,"DECC","specialist",120.49
"374",2013-02-01,"DECC","specialist",12.51
"375",2013-03-01,"DECC","specialist",130.9
"376",2013-04-01,"DECC","specialist",10.51
"377",2013-05-01,"DECC","specialist",93.97
"378",2013-06-01,"DECC","specialist",101.97
"379",2013-07-01,"DECC","specialist",98.44
"380",2013-08-01,"DECC","specialist",95.05
"381",2013-09-01,"DECC","specialist",86.23
"382",2013-10-01,"DECC","specialist",11.29
"383",2013-11-01,"DECC","specialist",74.82
"384",2013-12-01,"DECC","specialist",75.78
"385",2014-01-01,"DECC","specialist",79.74
"386",2014-02-01,"DECC","specialist",77.77
"387",2014-03-01,"DECC","specialist",83.99
"388",2012-03-01,"DECC","consultant",0
"389",2012-04-01,"DECC","consultant",0
"390",2012-05-01,"DECC","consultant",0
"391",2012-06-01,"DECC","consultant",0
"392",2012-07-01,"DECC","consultant",0
"393",2012-08-01,"DECC","consultant",0
"394",2012-09-01,"DECC","consultant",0
"395",2012-10-01,"DECC","consultant",0
"396",2012-11-01,"DECC","consultant",0
"397",2012-12-01,"DECC","consultant",0
"398",2013-01-01,"DECC","consultant",0
"399",2013-02-01,"DECC","consultant",0
"400",2013-03-01,"DECC","consultant",0
"401",2013-04-01,"DECC","consultant",0
"402",2013-05-01,"DECC","consultant",0
"403",2013-06-01,"DECC","consultant",0
"404",2013-07-01,"DECC","consultant",0
"405",2013-08-01,"DECC","consultant",0
"406",2013-09-01,"DECC","consultant",0
"407",2013-10-01,"DECC","consultant",0
"408",2013-11-01,"DECC","consultant",0
"409",2013-12-01,"DECC","consultant",0
"410",2014-01-01,"DECC","consultant",0
"411",2014-02-01,"DECC","consultant",0
"412",2014-03-01,"DECC","consultant",0
"413",2012-03-01,"DH","agency",217.0017
"414",2012-04-01,"DH","agency",197.6
"415",2012-05-01,"DH","agency",205.25
"416",2012-06-01,"DH","agency",230.86
"417",2012-07-01,"DH","agency",248.78
"418",2012-08-01,"DH","agency",260.82
"419",2012-09-01,"DH","agency",261.79373
"420",2012-10-01,"DH","agency",271.12
"421",2012-11-01,"DH","agency",281
"422",2012-12-01,"DH","agency",284.7
"423",2013-01-01,"DH","agency",297.35487
"424",2013-02-01,"DH","agency",305.07766
"425",2013-03-01,"DH","agency",279.28655
"426",2013-04-01,"DH","agency",187.11666
"427",2013-05-01,"DH","agency",178.53333
"428",2013-06-01,"DH","agency",173.89444
"429",2013-07-01,"DH","agency",159.91
"430",2013-08-01,"DH","agency",160.87
"431",2013-09-01,"DH","agency",166.93
"432",2013-10-01,"DH","agency",166.9
"433",2013-11-01,"DH","agency",168.46
"434",2013-12-01,"DH","agency",168.46
"435",2014-01-01,"DH","agency",166.4
"436",2014-02-01,"DH","agency",161.47
"437",2014-03-01,"DH","agency",150.53
"438",2012-03-01,"DH","interim",0
"439",2012-04-01,"DH","interim",0
"440",2012-05-01,"DH","interim",0
"441",2012-06-01,"DH","interim",0
"442",2012-07-01,"DH","interim",0
"443",2012-08-01,"DH","interim",0
"444",2012-09-01,"DH","interim",0
"445",2012-10-01,"DH","interim",0
"446",2012-11-01,"DH","interim",0
"447",2012-12-01,"DH","interim",0
"448",2013-01-01,"DH","interim",0
"449",2013-02-01,"DH","interim",0
"450",2013-03-01,"DH","interim",0
"451",2013-04-01,"DH","interim",0
"452",2013-05-01,"DH","interim",0
"453",2013-06-01,"DH","interim",0
"454",2013-07-01,"DH","interim",0
"455",2013-08-01,"DH","interim",0
"456",2013-09-01,"DH","interim",0
"457",2013-10-01,"DH","interim",0
"458",2013-11-01,"DH","interim",0
"459",2013-12-01,"DH","interim",0
"460",2014-01-01,"DH","interim",0
"461",2014-02-01,"DH","interim",0
"462",2014-03-01,"DH","interim",0
"463",2012-03-01,"DH","specialist",107.61849
"464",2012-04-01,"DH","specialist",85.08
"465",2012-05-01,"DH","specialist",90.01
"466",2012-06-01,"DH","specialist",93.08
"467",2012-07-01,"DH","specialist",95.88
"468",2012-08-01,"DH","specialist",106.88
"469",2012-09-01,"DH","specialist",92.49428
"470",2012-10-01,"DH","specialist",104.46
"471",2012-11-01,"DH","specialist",119
"472",2012-12-01,"DH","specialist",121.2
"473",2013-01-01,"DH","specialist",127.22678
"474",2013-02-01,"DH","specialist",124.22678
"475",2013-03-01,"DH","specialist",105.58488
"476",2013-04-01,"DH","specialist",81.93071
"477",2013-05-01,"DH","specialist",86.20849
"478",2013-06-01,"DH","specialist",442.09738
"479",2013-07-01,"DH","specialist",333.71
"480",2013-08-01,"DH","specialist",85.11
"481",2013-09-01,"DH","specialist",91.58
"482",2013-10-01,"DH","specialist",70.91
"483",2013-11-01,"DH","specialist",81.1
"484",2013-12-01,"DH","specialist",78.22
"485",2014-01-01,"DH","specialist",74.57
"486",2014-02-01,"DH","specialist",76.43
"487",2014-03-01,"DH","specialist",75.43
"488",2012-03-01,"DH","consultant",28.52418
"489",2012-04-01,"DH","consultant",22.01
"490",2012-05-01,"DH","consultant",22.01
"491",2012-06-01,"DH","consultant",21.23
"492",2012-07-01,"DH","consultant",22.23
"493",2012-08-01,"DH","consultant",22.23
"494",2012-09-01,"DH","consultant",16.34362
"495",2012-10-01,"DH","consultant",19.34
"496",2012-11-01,"DH","consultant",17
"497",2012-12-01,"DH","consultant",17.3
"498",2013-01-01,"DH","consultant",18.34362
"499",2013-02-01,"DH","consultant",21.28806
"500",2013-03-01,"DH","consultant",14.62139
"501",2013-04-01,"DH","consultant",12.8611
"502",2013-05-01,"DH","consultant",21.52777
"503",2013-06-01,"DH","consultant",21.52777
"504",2013-07-01,"DH","consultant",15.83
"505",2013-08-01,"DH","consultant",313.83
"506",2013-09-01,"DH","consultant",80.83
"507",2013-10-01,"DH","consultant",66.72
"508",2013-11-01,"DH","consultant",65.72
"509",2013-12-01,"DH","consultant",47.72
"510",2014-01-01,"DH","consultant",45.78
"511",2014-02-01,"DH","consultant",47.82
"512",2014-03-01,"DH","consultant",36.82
"513",2012-03-01,"DWP","agency",0
"514",2012-04-01,"DWP","agency",0
"515",2012-05-01,"DWP","agency",0
"516",2012-06-01,"DWP","agency",0
"517",2012-07-01,"DWP","agency",0
"518",2012-08-01,"DWP","agency",0
"519",2012-09-01,"DWP","agency",0
"520",2012-10-01,"DWP","agency",0
"521",2012-11-01,"DWP","agency",0
"522",2012-12-01,"DWP","agency",0
"523",2013-01-01,"DWP","agency",0
"524",2013-02-01,"DWP","agency",0
"525",2013-03-01,"DWP","agency",0
"526",2013-04-01,"DWP","agency",0
"527",2013-05-01,"DWP","agency",0
"528",2013-06-01,"DWP","agency",0
"529",2013-07-01,"DWP","agency",0
"530",2013-08-01,"DWP","agency",0
"531",2013-09-01,"DWP","agency",0
"532",2013-10-01,"DWP","agency",0
"533",2013-11-01,"DWP","agency",0
"534",2013-12-01,"DWP","agency",0
"535",2014-01-01,"DWP","agency",0
"536",2014-02-01,"DWP","agency",0
"537",2014-03-01,"DWP","agency",0
"538",2012-03-01,"DWP","interim",0
"539",2012-04-01,"DWP","interim",0
"540",2012-05-01,"DWP","interim",0
"541",2012-06-01,"DWP","interim",0
"542",2012-07-01,"DWP","interim",0
"543",2012-08-01,"DWP","interim",0
"544",2012-09-01,"DWP","interim",0
"545",2012-10-01,"DWP","interim",0
"546",2012-11-01,"DWP","interim",0
"547",2012-12-01,"DWP","interim",0
"548",2013-01-01,"DWP","interim",0
"549",2013-02-01,"DWP","interim",0
"550",2013-03-01,"DWP","interim",0
"551",2013-04-01,"DWP","interim",0
"552",2013-05-01,"DWP","interim",0
"553",2013-06-01,"DWP","interim",0
"554",2013-07-01,"DWP","interim",0
"555",2013-08-01,"DWP","interim",0
"556",2013-09-01,"DWP","interim",0
"557",2013-10-01,"DWP","interim",0
"558",2013-11-01,"DWP","interim",0
"559",2013-12-01,"DWP","interim",0
"560",2014-01-01,"DWP","interim",0
"561",2014-02-01,"DWP","interim",0
"562",2014-03-01,"DWP","interim",0
"563",2012-03-01,"DWP","specialist",84
"564",2012-04-01,"DWP","specialist",78
"565",2012-05-01,"DWP","specialist",95
"566",2012-06-01,"DWP","specialist",119
"567",2012-07-01,"DWP","specialist",136
"568",2012-08-01,"DWP","specialist",138
"569",2012-09-01,"DWP","specialist",129
"570",2012-10-01,"DWP","specialist",135
"571",2012-11-01,"DWP","specialist",134
"572",2012-12-01,"DWP","specialist",103
"573",2013-01-01,"DWP","specialist",108
"574",2013-02-01,"DWP","specialist",120
"575",2013-03-01,"DWP","specialist",121
"576",2013-04-01,"DWP","specialist",90
"577",2013-05-01,"DWP","specialist",90
"578",2013-06-01,"DWP","specialist",75
"579",2013-07-01,"DWP","specialist",93
"580",2013-08-01,"DWP","specialist",75
"581",2013-09-01,"DWP","specialist",81
"582",2013-10-01,"DWP","specialist",82
"583",2013-11-01,"DWP","specialist",89
"584",2013-12-01,"DWP","specialist",65
"585",2014-01-01,"DWP","specialist",80
"586",2014-02-01,"DWP","specialist",74
"587",2014-03-01,"DWP","specialist",85
"588",2012-03-01,"DWP","consultant",28
"589",2012-04-01,"DWP","consultant",42
"590",2012-05-01,"DWP","consultant",31
"591",2012-06-01,"DWP","consultant",17
"592",2012-07-01,"DWP","consultant",9
"593",2012-08-01,"DWP","consultant",18
"594",2012-09-01,"DWP","consultant",14
"595",2012-10-01,"DWP","consultant",26
"596",2012-11-01,"DWP","consultant",17
"597",2012-12-01,"DWP","consultant",0
"598",2013-01-01,"DWP","consultant",0
"599",2013-02-01,"DWP","consultant",0
"600",2013-03-01,"DWP","consultant",0
"601",2013-04-01,"DWP","consultant",0
"602",2013-05-01,"DWP","consultant",0
"603",2013-06-01,"DWP","consultant",0
"604",2013-07-01,"DWP","consultant",0
"605",2013-08-01,"DWP","consultant",0
"606",2013-09-01,"DWP","consultant",0
"607",2013-10-01,"DWP","consultant",0
"608",2013-11-01,"DWP","consultant",0
"609",2013-12-01,"DWP","consultant",0
"610",2014-01-01,"DWP","consultant",0
"611",2014-02-01,"DWP","consultant",0
"612",2014-03-01,"DWP","consultant",0
"613",2012-03-01,"Defra","agency",20
"614",2012-04-01,"Defra","agency",20
"615",2012-05-01,"Defra","agency",29
"616",2012-06-01,"Defra","agency",30
"617",2012-07-01,"Defra","agency",32
"618",2012-08-01,"Defra","agency",28
"619",2012-09-01,"Defra","agency",30
"620",2012-10-01,"Defra","agency",38
"621",2012-11-01,"Defra","agency",37
"622",2012-12-01,"Defra","agency",36
"623",2013-01-01,"Defra","agency",43
"624",2013-02-01,"Defra","agency",44
"625",2013-03-01,"Defra","agency",40
"626",2013-04-01,"Defra","agency",41
"627",2013-05-01,"Defra","agency",44
"628",2013-06-01,"Defra","agency",48
"629",2013-07-01,"Defra","agency",23
"630",2013-08-01,"Defra","agency",31
"631",2013-09-01,"Defra","agency",29
"632",2013-10-01,"Defra","agency",20
"633",2013-11-01,"Defra","agency",22
"634",2013-12-01,"Defra","agency",22
"635",2014-01-01,"Defra","agency",22
"636",2014-02-01,"Defra","agency",15
"637",2014-03-01,"Defra","agency",18
"638",2012-03-01,"Defra","interim",12
"639",2012-04-01,"Defra","interim",10
"640",2012-05-01,"Defra","interim",10
"641",2012-06-01,"Defra","interim",10
"642",2012-07-01,"Defra","interim",10
"643",2012-08-01,"Defra","interim",11
"644",2012-09-01,"Defra","interim",11
"645",2012-10-01,"Defra","interim",9
"646",2012-11-01,"Defra","interim",8
"647",2012-12-01,"Defra","interim",9
"648",2013-01-01,"Defra","interim",7
"649",2013-02-01,"Defra","interim",8
"650",2013-03-01,"Defra","interim",9
"651",2013-04-01,"Defra","interim",9
"652",2013-05-01,"Defra","interim",10
"653",2013-06-01,"Defra","interim",23
"654",2013-07-01,"Defra","interim",10
"655",2013-08-01,"Defra","interim",58
"656",2013-09-01,"Defra","interim",61
"657",2013-10-01,"Defra","interim",70
"658",2013-11-01,"Defra","interim",13
"659",2013-12-01,"Defra","interim",15
"660",2014-01-01,"Defra","interim",14
"661",2014-02-01,"Defra","interim",18
"662",2014-03-01,"Defra","interim",12
"663",2012-03-01,"Defra","specialist",35
"664",2012-04-01,"Defra","specialist",37
"665",2012-05-01,"Defra","specialist",40
"666",2012-06-01,"Defra","specialist",40
"667",2012-07-01,"Defra","specialist",40
"668",2012-08-01,"Defra","specialist",24
"669",2012-09-01,"Defra","specialist",28
"670",2012-10-01,"Defra","specialist",19
"671",2012-11-01,"Defra","specialist",23
"672",2012-12-01,"Defra","specialist",24
"673",2013-01-01,"Defra","specialist",19
"674",2013-02-01,"Defra","specialist",22
"675",2013-03-01,"Defra","specialist",21
"676",2013-04-01,"Defra","specialist",20
"677",2013-05-01,"Defra","specialist",3
"678",2013-06-01,"Defra","specialist",30
"679",2013-07-01,"Defra","specialist",36
"680",2013-08-01,"Defra","specialist",0
"681",2013-09-01,"Defra","specialist",1
"682",2013-10-01,"Defra","specialist",2
"683",2013-11-01,"Defra","specialist",62
"684",2013-12-01,"Defra","specialist",62
"685",2014-01-01,"Defra","specialist",53
"686",2014-02-01,"Defra","specialist",64
"687",2014-03-01,"Defra","specialist",59
"688",2012-03-01,"Defra","consultant",6
"689",2012-04-01,"Defra","consultant",3
"690",2012-05-01,"Defra","consultant",3
"691",2012-06-01,"Defra","consultant",3
"692",2012-07-01,"Defra","consultant",3
"693",2012-08-01,"Defra","consultant",1
"694",2012-09-01,"Defra","consultant",1
"695",2012-10-01,"Defra","consultant",2
"696",2012-11-01,"Defra","consultant",1
"697",2012-12-01,"Defra","consultant",2
"698",2013-01-01,"Defra","consultant",2
"699",2013-02-01,"Defra","consultant",3
"700",2013-03-01,"Defra","consultant",3
"701",2013-04-01,"Defra","consultant",3
"702",2013-05-01,"Defra","consultant",4
"703",2013-06-01,"Defra","consultant",4
"704",2013-07-01,"Defra","consultant",4
"705",2013-08-01,"Defra","consultant",4
"706",2013-09-01,"Defra","consultant",3
"707",2013-10-01,"Defra","consultant",2
"708",2013-11-01,"Defra","consultant",2
"709",2013-12-01,"Defra","consultant",2
"710",2014-01-01,"Defra","consultant",2
"711",2014-02-01,"Defra","consultant",2
"712",2014-03-01,"Defra","consultant",2
"713",2012-03-01,"DfE","agency",16
"714",2012-04-01,"DfE","agency",29.2
"715",2012-05-01,"DfE","agency",50.26
"716",2012-06-01,"DfE","agency",55.32
"717",2012-07-01,"DfE","agency",40.12
"718",2012-08-01,"DfE","agency",58.69
"719",2012-09-01,"DfE","agency",50.34
"720",2012-10-01,"DfE","agency",66.14
"721",2012-11-01,"DfE","agency",74.02
"722",2012-12-01,"DfE","agency",60.22
"723",2013-01-01,"DfE","agency",57.07
"724",2013-02-01,"DfE","agency",65.39
"725",2013-03-01,"DfE","agency",65.97
"726",2013-04-01,"DfE","agency",61.1
"727",2013-05-01,"DfE","agency",66.8
"728",2013-06-01,"DfE","agency",81.7
"729",2013-07-01,"DfE","agency",63.5
"730",2013-08-01,"DfE","agency",67.9
"731",2013-09-01,"DfE","agency",62.1
"732",2013-10-01,"DfE","agency",65.1
"733",2013-11-01,"DfE","agency",73
"734",2013-12-01,"DfE","agency",66.85
"735",2014-01-01,"DfE","agency",50.6
"736",2014-02-01,"DfE","agency",67.65
"737",2014-03-01,"DfE","agency",74.52
"738",2012-03-01,"DfE","interim",0
"739",2012-04-01,"DfE","interim",0
"740",2012-05-01,"DfE","interim",0
"741",2012-06-01,"DfE","interim",0
"742",2012-07-01,"DfE","interim",0
"743",2012-08-01,"DfE","interim",0
"744",2012-09-01,"DfE","interim",0
"745",2012-10-01,"DfE","interim",0
"746",2012-11-01,"DfE","interim",0
"747",2012-12-01,"DfE","interim",0
"748",2013-01-01,"DfE","interim",0
"749",2013-02-01,"DfE","interim",0
"750",2013-03-01,"DfE","interim",0
"751",2013-04-01,"DfE","interim",0
"752",2013-05-01,"DfE","interim",0
"753",2013-06-01,"DfE","interim",0
"754",2013-07-01,"DfE","interim",0
"755",2013-08-01,"DfE","interim",0
"756",2013-09-01,"DfE","interim",0
"757",2013-10-01,"DfE","interim",0
"758",2013-11-01,"DfE","interim",0
"759",2013-12-01,"DfE","interim",0
"760",2014-01-01,"DfE","interim",0
"761",2014-02-01,"DfE","interim",35.4
"762",2014-03-01,"DfE","interim",31.96
"763",2012-03-01,"DfE","specialist",10.7
"764",2012-04-01,"DfE","specialist",13.1
"765",2012-05-01,"DfE","specialist",39.6
"766",2012-06-01,"DfE","specialist",42.85
"767",2012-07-01,"DfE","specialist",75.8
"768",2012-08-01,"DfE","specialist",90.94
"769",2012-09-01,"DfE","specialist",109.15
"770",2012-10-01,"DfE","specialist",104.1
"771",2012-11-01,"DfE","specialist",114.8
"772",2012-12-01,"DfE","specialist",114.225
"773",2013-01-01,"DfE","specialist",120.71
"774",2013-02-01,"DfE","specialist",121.36875
"775",2013-03-01,"DfE","specialist",111.23625
"776",2013-04-01,"DfE","specialist",121.4
"777",2013-05-01,"DfE","specialist",118.8
"778",2013-06-01,"DfE","specialist",140.3
"779",2013-07-01,"DfE","specialist",142.4
"780",2013-08-01,"DfE","specialist",140.8
"781",2013-09-01,"DfE","specialist",127.1
"782",2013-10-01,"DfE","specialist",155.2
"783",2013-11-01,"DfE","specialist",159.4
"784",2013-12-01,"DfE","specialist",153.9
"785",2014-01-01,"DfE","specialist",164.8
"786",2014-02-01,"DfE","specialist",143.1
"787",2014-03-01,"DfE","specialist",145.47
"788",2012-03-01,"DfE","consultant",0
"789",2012-04-01,"DfE","consultant",0
"790",2012-05-01,"DfE","consultant",0
"791",2012-06-01,"DfE","consultant",0
"792",2012-07-01,"DfE","consultant",0
"793",2012-08-01,"DfE","consultant",0
"794",2012-09-01,"DfE","consultant",0
"795",2012-10-01,"DfE","consultant",0.9
"796",2012-11-01,"DfE","consultant",1
"797",2012-12-01,"DfE","consultant",0.8
"798",2013-01-01,"DfE","consultant",0
"799",2013-02-01,"DfE","consultant",0
"800",2013-03-01,"DfE","consultant",0
"801",2013-04-01,"DfE","consultant",0
"802",2013-05-01,"DfE","consultant",0
"803",2013-06-01,"DfE","consultant",0
"804",2013-07-01,"DfE","consultant",0
"805",2013-08-01,"DfE","consultant",0
"806",2013-09-01,"DfE","consultant",0
"807",2013-10-01,"DfE","consultant",0
"808",2013-11-01,"DfE","consultant",0
"809",2013-12-01,"DfE","consultant",0
"810",2014-01-01,"DfE","consultant",0
"811",2014-02-01,"DfE","consultant",0
"812",2014-03-01,"DfE","consultant",0
"813",2012-03-01,"DfID","agency",40
"814",2012-04-01,"DfID","agency",25
"815",2012-05-01,"DfID","agency",37
"816",2012-06-01,"DfID","agency",16
"817",2012-07-01,"DfID","agency",29
"818",2012-08-01,"DfID","agency",29
"819",2012-09-01,"DfID","agency",50
"820",2012-10-01,"DfID","agency",32
"821",2012-11-01,"DfID","agency",31
"822",2012-12-01,"DfID","agency",53
"823",2013-01-01,"DfID","agency",66
"824",2013-02-01,"DfID","agency",74
"825",2013-03-01,"DfID","agency",69
"826",2013-04-01,"DfID","agency",68
"827",2013-05-01,"DfID","agency",66
"828",2013-06-01,"DfID","agency",68
"829",2013-07-01,"DfID","agency",78
"830",2013-08-01,"DfID","agency",67
"831",2013-09-01,"DfID","agency",66
"832",2013-10-01,"DfID","agency",42
"833",2013-11-01,"DfID","agency",26
"834",2013-12-01,"DfID","agency",25
"835",2014-01-01,"DfID","agency",44
"836",2014-02-01,"DfID","agency",43
"837",2014-03-01,"DfID","agency",37
"838",2012-03-01,"DfID","interim",0
"839",2012-04-01,"DfID","interim",0
"840",2012-05-01,"DfID","interim",0
"841",2012-06-01,"DfID","interim",0
"842",2012-07-01,"DfID","interim",0
"843",2012-08-01,"DfID","interim",0
"844",2012-09-01,"DfID","interim",0
"845",2012-10-01,"DfID","interim",0
"846",2012-11-01,"DfID","interim",0
"847",2012-12-01,"DfID","interim",0
"848",2013-01-01,"DfID","interim",0
"849",2013-02-01,"DfID","interim",0
"850",2013-03-01,"DfID","interim",0
"851",2013-04-01,"DfID","interim",0
"852",2013-05-01,"DfID","interim",0
"853",2013-06-01,"DfID","interim",0
"854",2013-07-01,"DfID","interim",0
"855",2013-08-01,"DfID","interim",0
"856",2013-09-01,"DfID","interim",0
"857",2013-10-01,"DfID","interim",0
"858",2013-11-01,"DfID","interim",0
"859",2013-12-01,"DfID","interim",0
"860",2014-01-01,"DfID","interim",0
"861",2014-02-01,"DfID","interim",0
"862",2014-03-01,"DfID","interim",0
"863",2012-03-01,"DfID","specialist",0
"864",2012-04-01,"DfID","specialist",0
"865",2012-05-01,"DfID","specialist",0
"866",2012-06-01,"DfID","specialist",0
"867",2012-07-01,"DfID","specialist",0
"868",2012-08-01,"DfID","specialist",0
"869",2012-09-01,"DfID","specialist",0
"870",2012-10-01,"DfID","specialist",0
"871",2012-11-01,"DfID","specialist",0
"872",2012-12-01,"DfID","specialist",0
"873",2013-01-01,"DfID","specialist",0
"874",2013-02-01,"DfID","specialist",0
"875",2013-03-01,"DfID","specialist",0
"876",2013-04-01,"DfID","specialist",0
"877",2013-05-01,"DfID","specialist",0
"878",2013-06-01,"DfID","specialist",0
"879",2013-07-01,"DfID","specialist",0
"880",2013-08-01,"DfID","specialist",0
"881",2013-09-01,"DfID","specialist",0
"882",2013-10-01,"DfID","specialist",0
"883",2013-11-01,"DfID","specialist",0
"884",2013-12-01,"DfID","specialist",0
"885",2014-01-01,"DfID","specialist",0
"886",2014-02-01,"DfID","specialist",0
"887",2014-03-01,"DfID","specialist",0
"888",2012-03-01,"DfID","consultant",12
"889",2012-04-01,"DfID","consultant",12
"890",2012-05-01,"DfID","consultant",12
"891",2012-06-01,"DfID","consultant",11
"892",2012-07-01,"DfID","consultant",13
"893",2012-08-01,"DfID","consultant",6
"894",2012-09-01,"DfID","consultant",3
"895",2012-10-01,"DfID","consultant",25
"896",2012-11-01,"DfID","consultant",22
"897",2012-12-01,"DfID","consultant",15
"898",2013-01-01,"DfID","consultant",28
"899",2013-02-01,"DfID","consultant",12
"900",2013-03-01,"DfID","consultant",34
"901",2013-04-01,"DfID","consultant",4
"902",2013-05-01,"DfID","consultant",34
"903",2013-06-01,"DfID","consultant",35
"904",2013-07-01,"DfID","consultant",22
"905",2013-08-01,"DfID","consultant",15
"906",2013-09-01,"DfID","consultant",15
"907",2013-10-01,"DfID","consultant",19
"908",2013-11-01,"DfID","consultant",17
"909",2013-12-01,"DfID","consultant",18
"910",2014-01-01,"DfID","consultant",19
"911",2014-02-01,"DfID","consultant",4
"912",2014-03-01,"DfID","consultant",17
"913",2012-03-01,"DfT","agency",8
"914",2012-04-01,"DfT","agency",9.6
"915",2012-05-01,"DfT","agency",13.6
"916",2012-06-01,"DfT","agency",14.6
"917",2012-07-01,"DfT","agency",14.6
"918",2012-08-01,"DfT","agency",14.6
"919",2012-09-01,"DfT","agency",16.6
"920",2012-10-01,"DfT","agency",19.6
"921",2012-11-01,"DfT","agency",19.6
"922",2012-12-01,"DfT","agency",20.6
"923",2013-01-01,"DfT","agency",25.6
"924",2013-02-01,"DfT","agency",19.6
"925",2013-03-01,"DfT","agency",22
"926",2013-04-01,"DfT","agency",6
"927",2013-05-01,"DfT","agency",4
"928",2013-06-01,"DfT","agency",7
"929",2013-07-01,"DfT","agency",5
"930",2013-08-01,"DfT","agency",9
"931",2013-09-01,"DfT","agency",7
"932",2013-10-01,"DfT","agency",10
"933",2013-11-01,"DfT","agency",10
"934",2013-12-01,"DfT","agency",12
"935",2014-01-01,"DfT","agency",11
"936",2014-02-01,"DfT","agency",11
"937",2014-03-01,"DfT","agency",15
"938",2012-03-01,"DfT","interim",27
"939",2012-04-01,"DfT","interim",27
"940",2012-05-01,"DfT","interim",26.97
"941",2012-06-01,"DfT","interim",26.97
"942",2012-07-01,"DfT","interim",26.97
"943",2012-08-01,"DfT","interim",27.97
"944",2012-09-01,"DfT","interim",27.97
"945",2012-10-01,"DfT","interim",28.97
"946",2012-11-01,"DfT","interim",7.97
"947",2012-12-01,"DfT","interim",7.97
"948",2013-01-01,"DfT","interim",7.97
"949",2013-02-01,"DfT","interim",6.97
"950",2013-03-01,"DfT","interim",8.97
"951",2013-04-01,"DfT","interim",3
"952",2013-05-01,"DfT","interim",4
"953",2013-06-01,"DfT","interim",3
"954",2013-07-01,"DfT","interim",2
"955",2013-08-01,"DfT","interim",2
"956",2013-09-01,"DfT","interim",2
"957",2013-10-01,"DfT","interim",2
"958",2013-11-01,"DfT","interim",1
"959",2013-12-01,"DfT","interim",1
"960",2014-01-01,"DfT","interim",1
"961",2014-02-01,"DfT","interim",1
"962",2014-03-01,"DfT","interim",1
"963",2012-03-01,"DfT","specialist",25
"964",2012-04-01,"DfT","specialist",24
"965",2012-05-01,"DfT","specialist",21
"966",2012-06-01,"DfT","specialist",28
"967",2012-07-01,"DfT","specialist",30
"968",2012-08-01,"DfT","specialist",36
"969",2012-09-01,"DfT","specialist",37
"970",2012-10-01,"DfT","specialist",44
"971",2012-11-01,"DfT","specialist",51.33
"972",2012-12-01,"DfT","specialist",49.89
"973",2013-01-01,"DfT","specialist",50.31
"974",2013-02-01,"DfT","specialist",47.08
"975",2013-03-01,"DfT","specialist",49.31
"976",2013-04-01,"DfT","specialist",49.11
"977",2013-05-01,"DfT","specialist",50.25
"978",2013-06-01,"DfT","specialist",54.05
"979",2013-07-01,"DfT","specialist",57.87
"980",2013-08-01,"DfT","specialist",65.87
"981",2013-09-01,"DfT","specialist",73.49
"982",2013-10-01,"DfT","specialist",85.49
"983",2013-11-01,"DfT","specialist",99.72
"984",2013-12-01,"DfT","specialist",100.72
"985",2014-01-01,"DfT","specialist",94.16
"986",2014-02-01,"DfT","specialist",91.16
"987",2014-03-01,"DfT","specialist",96.16
"988",2012-03-01,"DfT","consultant",0
"989",2012-04-01,"DfT","consultant",0
"990",2012-05-01,"DfT","consultant",0
"991",2012-06-01,"DfT","consultant",0
"992",2012-07-01,"DfT","consultant",0
"993",2012-08-01,"DfT","consultant",0
"994",2012-09-01,"DfT","consultant",0
"995",2012-10-01,"DfT","consultant",0
"996",2012-11-01,"DfT","consultant",0
"997",2012-12-01,"DfT","consultant",0
"998",2013-01-01,"DfT","consultant",0
"999",2013-02-01,"DfT","consultant",0
"1000",2013-03-01,"DfT","consultant",0
"1001",2013-04-01,"DfT","consultant",0
"1002",2013-05-01,"DfT","consultant",0
"1003",2013-06-01,"DfT","consultant",0
"1004",2013-07-01,"DfT","consultant",0
"1005",2013-08-01,"DfT","consultant",0
"1006",2013-09-01,"DfT","consultant",0
"1007",2013-10-01,"DfT","consultant",0
"1008",2013-11-01,"DfT","consultant",0
"1009",2013-12-01,"DfT","consultant",0
"1010",2014-01-01,"DfT","consultant",1
"1011",2014-02-01,"DfT","consultant",1
"1012",2014-03-01,"DfT","consultant",1
"1013",2012-03-01,"HMRC","agency",0
"1014",2012-04-01,"HMRC","agency",0
"1015",2012-05-01,"HMRC","agency",0
"1016",2012-06-01,"HMRC","agency",16
"1017",2012-07-01,"HMRC","agency",19
"1018",2012-08-01,"HMRC","agency",0
"1019",2012-09-01,"HMRC","agency",0
"1020",2012-10-01,"HMRC","agency",0
"1021",2012-11-01,"HMRC","agency",0
"1022",2012-12-01,"HMRC","agency",0
"1023",2013-01-01,"HMRC","agency",0
"1024",2013-02-01,"HMRC","agency",0
"1025",2013-03-01,"HMRC","agency",0
"1026",2013-04-01,"HMRC","agency",0
"1027",2013-05-01,"HMRC","agency",0
"1028",2013-06-01,"HMRC","agency",0
"1029",2013-07-01,"HMRC","agency",0
"1030",2013-08-01,"HMRC","agency",0
"1031",2013-09-01,"HMRC","agency",0
"1032",2013-10-01,"HMRC","agency",0
"1033",2013-11-01,"HMRC","agency",0
"1034",2013-12-01,"HMRC","agency",0
"1035",2014-01-01,"HMRC","agency",0
"1036",2014-02-01,"HMRC","agency",0
"1037",2014-03-01,"HMRC","agency",0
"1038",2012-03-01,"HMRC","interim",0
"1039",2012-04-01,"HMRC","interim",0
"1040",2012-05-01,"HMRC","interim",0
"1041",2012-06-01,"HMRC","interim",92
"1042",2012-07-01,"HMRC","interim",70
"1043",2012-08-01,"HMRC","interim",0
"1044",2012-09-01,"HMRC","interim",0
"1045",2012-10-01,"HMRC","interim",0
"1046",2012-11-01,"HMRC","interim",0
"1047",2012-12-01,"HMRC","interim",0
"1048",2013-01-01,"HMRC","interim",0
"1049",2013-02-01,"HMRC","interim",0
"1050",2013-03-01,"HMRC","interim",0
"1051",2013-04-01,"HMRC","interim",0
"1052",2013-05-01,"HMRC","interim",0
"1053",2013-06-01,"HMRC","interim",0
"1054",2013-07-01,"HMRC","interim",0
"1055",2013-08-01,"HMRC","interim",0
"1056",2013-09-01,"HMRC","interim",0
"1057",2013-10-01,"HMRC","interim",0
"1058",2013-11-01,"HMRC","interim",0
"1059",2013-12-01,"HMRC","interim",0
"1060",2014-01-01,"HMRC","interim",0
"1061",2014-02-01,"HMRC","interim",0
"1062",2014-03-01,"HMRC","interim",0
"1063",2012-03-01,"HMRC","specialist",0
"1064",2012-04-01,"HMRC","specialist",0
"1065",2012-05-01,"HMRC","specialist",0
"1066",2012-06-01,"HMRC","specialist",0
"1067",2012-07-01,"HMRC","specialist",0
"1068",2012-08-01,"HMRC","specialist",0
"1069",2012-09-01,"HMRC","specialist",0
"1070",2012-10-01,"HMRC","specialist",0
"1071",2012-11-01,"HMRC","specialist",0
"1072",2012-12-01,"HMRC","specialist",0
"1073",2013-01-01,"HMRC","specialist",0
"1074",2013-02-01,"HMRC","specialist",0
"1075",2013-03-01,"HMRC","specialist",0
"1076",2013-04-01,"HMRC","specialist",0
"1077",2013-05-01,"HMRC","specialist",0
"1078",2013-06-01,"HMRC","specialist",0
"1079",2013-07-01,"HMRC","specialist",0
"1080",2013-08-01,"HMRC","specialist",0
"1081",2013-09-01,"HMRC","specialist",0
"1082",2013-10-01,"HMRC","specialist",0
"1083",2013-11-01,"HMRC","specialist",0
"1084",2013-12-01,"HMRC","specialist",0
"1085",2014-01-01,"HMRC","specialist",0
"1086",2014-02-01,"HMRC","specialist",0
"1087",2014-03-01,"HMRC","specialist",0
"1088",2012-03-01,"HMRC","consultant",3
"1089",2012-04-01,"HMRC","consultant",6
"1090",2012-05-01,"HMRC","consultant",4
"1091",2012-06-01,"HMRC","consultant",7
"1092",2012-07-01,"HMRC","consultant",5
"1093",2012-08-01,"HMRC","consultant",1
"1094",2012-09-01,"HMRC","consultant",9
"1095",2012-10-01,"HMRC","consultant",7
"1096",2012-11-01,"HMRC","consultant",16
"1097",2012-12-01,"HMRC","consultant",20
"1098",2013-01-01,"HMRC","consultant",10
"1099",2013-02-01,"HMRC","consultant",4
"1100",2013-03-01,"HMRC","consultant",20
"1101",2013-04-01,"HMRC","consultant",0
"1102",2013-05-01,"HMRC","consultant",15
"1103",2013-06-01,"HMRC","consultant",6
"1104",2013-07-01,"HMRC","consultant",2
"1105",2013-08-01,"HMRC","consultant",4
"1106",2013-09-01,"HMRC","consultant",12
"1107",2013-10-01,"HMRC","consultant",12
"1108",2013-11-01,"HMRC","consultant",7
"1109",2013-12-01,"HMRC","consultant",5
"1110",2014-01-01,"HMRC","consultant",25
"1111",2014-02-01,"HMRC","consultant",22
"1112",2014-03-01,"HMRC","consultant",30
"1113",2012-03-01,"HMT","agency",15.2
"1114",2012-04-01,"HMT","agency",15
"1115",2012-05-01,"HMT","agency",14.2
"1116",2012-06-01,"HMT","agency",16.2
"1117",2012-07-01,"HMT","agency",11.2
"1118",2012-08-01,"HMT","agency",10.2
"1119",2012-09-01,"HMT","agency",9.2
"1120",2012-10-01,"HMT","agency",6.2
"1121",2012-11-01,"HMT","agency",7.2
"1122",2012-12-01,"HMT","agency",3.2
"1123",2013-01-01,"HMT","agency",5.2
"1124",2013-02-01,"HMT","agency",6.2
"1125",2013-03-01,"HMT","agency",7.2
"1126",2013-04-01,"HMT","agency",5.2
"1127",2013-05-01,"HMT","agency",6.2
"1128",2013-06-01,"HMT","agency",5.2
"1129",2013-07-01,"HMT","agency",6.2
"1130",2013-08-01,"HMT","agency",10
"1131",2013-09-01,"HMT","agency",7.2
"1132",2013-10-01,"HMT","agency",9
"1133",2013-11-01,"HMT","agency",7
"1134",2013-12-01,"HMT","agency",8
"1135",2014-01-01,"HMT","agency",8
"1136",2014-02-01,"HMT","agency",12
"1137",2014-03-01,"HMT","agency",12
"1138",2012-03-01,"HMT","interim",0
"1139",2012-04-01,"HMT","interim",0
"1140",2012-05-01,"HMT","interim",0
"1141",2012-06-01,"HMT","interim",0
"1142",2012-07-01,"HMT","interim",0
"1143",2012-08-01,"HMT","interim",0
"1144",2012-09-01,"HMT","interim",0
"1145",2012-10-01,"HMT","interim",0
"1146",2012-11-01,"HMT","interim",0
"1147",2012-12-01,"HMT","interim",0
"1148",2013-01-01,"HMT","interim",0
"1149",2013-02-01,"HMT","interim",0
"1150",2013-03-01,"HMT","interim",0
"1151",2013-04-01,"HMT","interim",0
"1152",2013-05-01,"HMT","interim",0
"1153",2013-06-01,"HMT","interim",0
"1154",2013-07-01,"HMT","interim",0
"1155",2013-08-01,"HMT","interim",0
"1156",2013-09-01,"HMT","interim",0
"1157",2013-10-01,"HMT","interim",0
"1158",2013-11-01,"HMT","interim",0
"1159",2013-12-01,"HMT","interim",0
"1160",2014-01-01,"HMT","interim",0
"1161",2014-02-01,"HMT","interim",0
"1162",2014-03-01,"HMT","interim",0
"1163",2012-03-01,"HMT","specialist",28.8
"1164",2012-04-01,"HMT","specialist",32.8
"1165",2012-05-01,"HMT","specialist",26.4
"1166",2012-06-01,"HMT","specialist",31.4
"1167",2012-07-01,"HMT","specialist",28.3
"1168",2012-08-01,"HMT","specialist",27.9
"1169",2012-09-01,"HMT","specialist",35.9
"1170",2012-10-01,"HMT","specialist",35.9
"1171",2012-11-01,"HMT","specialist",30.6
"1172",2012-12-01,"HMT","specialist",29.9
"1173",2013-01-01,"HMT","specialist",29.2
"1174",2013-02-01,"HMT","specialist",24.2
"1175",2013-03-01,"HMT","specialist",10.2
"1176",2013-04-01,"HMT","specialist",9.2
"1177",2013-05-01,"HMT","specialist",10
"1178",2013-06-01,"HMT","specialist",11.2
"1179",2013-07-01,"HMT","specialist",9.4
"1180",2013-08-01,"HMT","specialist",9.8
"1181",2013-09-01,"HMT","specialist",14.6
"1182",2013-10-01,"HMT","specialist",9.4
"1183",2013-11-01,"HMT","specialist",9.8
"1184",2013-12-01,"HMT","specialist",11.4
"1185",2014-01-01,"HMT","specialist",12.6
"1186",2014-02-01,"HMT","specialist",10.2
"1187",2014-03-01,"HMT","specialist",9.8
"1188",2012-03-01,"HMT","consultant",2.9
"1189",2012-04-01,"HMT","consultant",0.4
"1190",2012-05-01,"HMT","consultant",0.4
"1191",2012-06-01,"HMT","consultant",0.6
"1192",2012-07-01,"HMT","consultant",0.8
"1193",2012-08-01,"HMT","consultant",0.8
"1194",2012-09-01,"HMT","consultant",0.8
"1195",2012-10-01,"HMT","consultant",0.8
"1196",2012-11-01,"HMT","consultant",0.8
"1197",2012-12-01,"HMT","consultant",0.8
"1198",2013-01-01,"HMT","consultant",0.8
"1199",2013-02-01,"HMT","consultant",0.4
"1200",2013-03-01,"HMT","consultant",0.4
"1201",2013-04-01,"HMT","consultant",0.8
"1202",2013-05-01,"HMT","consultant",0
"1203",2013-06-01,"HMT","consultant",0.8
"1204",2013-07-01,"HMT","consultant",0
"1205",2013-08-01,"HMT","consultant",0
"1206",2013-09-01,"HMT","consultant",0
"1207",2013-10-01,"HMT","consultant",0
"1208",2013-11-01,"HMT","consultant",0
"1209",2013-12-01,"HMT","consultant",0
"1210",2014-01-01,"HMT","consultant",0
"1211",2014-02-01,"HMT","consultant",0
"1212",2014-03-01,"HMT","consultant",0
"1213",2012-03-01,"HO","agency",383
"1214",2012-04-01,"HO","agency",390
"1215",2012-05-01,"HO","agency",410
"1216",2012-06-01,"HO","agency",588
"1217",2012-07-01,"HO","agency",622
"1218",2012-08-01,"HO","agency",646
"1219",2012-09-01,"HO","agency",894
"1220",2012-10-01,"HO","agency",900
"1221",2012-11-01,"HO","agency",929
"1222",2012-12-01,"HO","agency",1281
"1223",2013-01-01,"HO","agency",1407
"1224",2013-02-01,"HO","agency",1725.26
"1225",2013-03-01,"HO","agency",1762.11
"1226",2013-04-01,"HO","agency",1874.98
"1227",2013-05-01,"HO","agency",2029.11
"1228",2013-06-01,"HO","agency",2145.57
"1229",2013-07-01,"HO","agency",1960
"1230",2013-08-01,"HO","agency",2170
"1231",2013-09-01,"HO","agency",1960
"1232",2013-10-01,"HO","agency",2266
"1233",2013-11-01,"HO","agency",2311
"1234",2013-12-01,"HO","agency",2406
"1235",2014-01-01,"HO","agency",2451
"1236",2014-02-01,"HO","agency",2530
"1237",2014-03-01,"HO","agency",2549
"1238",2012-03-01,"HO","interim",0
"1239",2012-04-01,"HO","interim",0
"1240",2012-05-01,"HO","interim",0
"1241",2012-06-01,"HO","interim",0
"1242",2012-07-01,"HO","interim",0
"1243",2012-08-01,"HO","interim",0
"1244",2012-09-01,"HO","interim",0
"1245",2012-10-01,"HO","interim",0
"1246",2012-11-01,"HO","interim",0
"1247",2012-12-01,"HO","interim",0
"1248",2013-01-01,"HO","interim",0
"1249",2013-02-01,"HO","interim",0
"1250",2013-03-01,"HO","interim",0
"1251",2013-04-01,"HO","interim",0
"1252",2013-05-01,"HO","interim",0
"1253",2013-06-01,"HO","interim",0
"1254",2013-07-01,"HO","interim",0
"1255",2013-08-01,"HO","interim",0
"1256",2013-09-01,"HO","interim",0
"1257",2013-10-01,"HO","interim",0
"1258",2013-11-01,"HO","interim",0
"1259",2013-12-01,"HO","interim",0
"1260",2014-01-01,"HO","interim",0
"1261",2014-02-01,"HO","interim",0
"1262",2014-03-01,"HO","interim",0
"1263",2012-03-01,"HO","specialist",0
"1264",2012-04-01,"HO","specialist",0
"1265",2012-05-01,"HO","specialist",0
"1266",2012-06-01,"HO","specialist",0
"1267",2012-07-01,"HO","specialist",0
"1268",2012-08-01,"HO","specialist",0
"1269",2012-09-01,"HO","specialist",0
"1270",2012-10-01,"HO","specialist",0
"1271",2012-11-01,"HO","specialist",0
"1272",2012-12-01,"HO","specialist",0
"1273",2013-01-01,"HO","specialist",0
"1274",2013-02-01,"HO","specialist",0
"1275",2013-03-01,"HO","specialist",0
"1276",2013-04-01,"HO","specialist",0
"1277",2013-05-01,"HO","specialist",0
"1278",2013-06-01,"HO","specialist",0
"1279",2013-07-01,"HO","specialist",0
"1280",2013-08-01,"HO","specialist",0
"1281",2013-09-01,"HO","specialist",0
"1282",2013-10-01,"HO","specialist",0
"1283",2013-11-01,"HO","specialist",0
"1284",2013-12-01,"HO","specialist",0
"1285",2014-01-01,"HO","specialist",0
"1286",2014-02-01,"HO","specialist",0
"1287",2014-03-01,"HO","specialist",0
"1288",2012-03-01,"HO","consultant",0
"1289",2012-04-01,"HO","consultant",0
"1290",2012-05-01,"HO","consultant",0
"1291",2012-06-01,"HO","consultant",0
"1292",2012-07-01,"HO","consultant",0
"1293",2012-08-01,"HO","consultant",0
"1294",2012-09-01,"HO","consultant",0
"1295",2012-10-01,"HO","consultant",0
"1296",2012-11-01,"HO","consultant",0
"1297",2012-12-01,"HO","consultant",0
"1298",2013-01-01,"HO","consultant",0
"1299",2013-02-01,"HO","consultant",0
"1300",2013-03-01,"HO","consultant",0
"1301",2013-04-01,"HO","consultant",0
"1302",2013-05-01,"HO","consultant",0
"1303",2013-06-01,"HO","consultant",0
"1304",2013-07-01,"HO","consultant",0
"1305",2013-08-01,"HO","consultant",0
"1306",2013-09-01,"HO","consultant",0
"1307",2013-10-01,"HO","consultant",0
"1308",2013-11-01,"HO","consultant",0
"1309",2013-12-01,"HO","consultant",0
"1310",2014-01-01,"HO","consultant",0
"1311",2014-02-01,"HO","consultant",0
"1312",2014-03-01,"HO","consultant",0
"1313",2012-03-01,"MoD","agency",999
"1314",2012-04-01,"MoD","agency",870
"1315",2012-05-01,"MoD","agency",912
"1316",2012-06-01,"MoD","agency",937.75
"1317",2012-07-01,"MoD","agency",1020
"1318",2012-08-01,"MoD","agency",1012
"1319",2012-09-01,"MoD","agency",1076
"1320",2012-10-01,"MoD","agency",1149
"1321",2012-11-01,"MoD","agency",1188
"1322",2012-12-01,"MoD","agency",1156
"1323",2013-01-01,"MoD","agency",1267
"1324",2013-02-01,"MoD","agency",1236
"1325",2013-03-01,"MoD","agency",1308
"1326",2013-04-01,"MoD","agency",1397
"1327",2013-05-01,"MoD","agency",1405
"1328",2013-06-01,"MoD","agency",1460
"1329",2013-07-01,"MoD","agency",1495
"1330",2013-08-01,"MoD","agency",1513
"1331",2013-09-01,"MoD","agency",1531
"1332",2013-10-01,"MoD","agency",1572
"1333",2013-11-01,"MoD","agency",1569
"1334",2013-12-01,"MoD","agency",1653
"1335",2014-01-01,"MoD","agency",1688
"1336",2014-02-01,"MoD","agency",1727
"1337",2014-03-01,"MoD","agency",1847
"1338",2012-03-01,"MoD","interim",64
"1339",2012-04-01,"MoD","interim",67
"1340",2012-05-01,"MoD","interim",69
"1341",2012-06-01,"MoD","interim",72.97
"1342",2012-07-01,"MoD","interim",78
"1343",2012-08-01,"MoD","interim",77
"1344",2012-09-01,"MoD","interim",88
"1345",2012-10-01,"MoD","interim",104
"1346",2012-11-01,"MoD","interim",116
"1347",2012-12-01,"MoD","interim",130
"1348",2013-01-01,"MoD","interim",158
"1349",2013-02-01,"MoD","interim",174
"1350",2013-03-01,"MoD","interim",192
"1351",2013-04-01,"MoD","interim",222
"1352",2013-05-01,"MoD","interim",270
"1353",2013-06-01,"MoD","interim",311
"1354",2013-07-01,"MoD","interim",358
"1355",2013-08-01,"MoD","interim",399
"1356",2013-09-01,"MoD","interim",500
"1357",2013-10-01,"MoD","interim",553
"1358",2013-11-01,"MoD","interim",550
"1359",2013-12-01,"MoD","interim",639
"1360",2014-01-01,"MoD","interim",700
"1361",2014-02-01,"MoD","interim",721
"1362",2014-03-01,"MoD","interim",776
"1363",2012-03-01,"MoD","specialist",144
"1364",2012-04-01,"MoD","specialist",165
"1365",2012-05-01,"MoD","specialist",160
"1366",2012-06-01,"MoD","specialist",154.97
"1367",2012-07-01,"MoD","specialist",155
"1368",2012-08-01,"MoD","specialist",140
"1369",2012-09-01,"MoD","specialist",142
"1370",2012-10-01,"MoD","specialist",144
"1371",2012-11-01,"MoD","specialist",146
"1372",2012-12-01,"MoD","specialist",146
"1373",2013-01-01,"MoD","specialist",141
"1374",2013-02-01,"MoD","specialist",141
"1375",2013-03-01,"MoD","specialist",180
"1376",2013-04-01,"MoD","specialist",178
"1377",2013-05-01,"MoD","specialist",178
"1378",2013-06-01,"MoD","specialist",181
"1379",2013-07-01,"MoD","specialist",180
"1380",2013-08-01,"MoD","specialist",178
"1381",2013-09-01,"MoD","specialist",176
"1382",2013-10-01,"MoD","specialist",173
"1383",2013-11-01,"MoD","specialist",173
"1384",2013-12-01,"MoD","specialist",168
"1385",2014-01-01,"MoD","specialist",168
"1386",2014-02-01,"MoD","specialist",168
"1387",2014-03-01,"MoD","specialist",168
"1388",2012-03-01,"MoD","consultant",44
"1389",2012-04-01,"MoD","consultant",44
"1390",2012-05-01,"MoD","consultant",44
"1391",2012-06-01,"MoD","consultant",43.94
"1392",2012-07-01,"MoD","consultant",44
"1393",2012-08-01,"MoD","consultant",44
"1394",2012-09-01,"MoD","consultant",44
"1395",2012-10-01,"MoD","consultant",42
"1396",2012-11-01,"MoD","consultant",44
"1397",2012-12-01,"MoD","consultant",44
"1398",2013-01-01,"MoD","consultant",41
"1399",2013-02-01,"MoD","consultant",41
"1400",2013-03-01,"MoD","consultant",17
"1401",2013-04-01,"MoD","consultant",17
"1402",2013-05-01,"MoD","consultant",18
"1403",2013-06-01,"MoD","consultant",17
"1404",2013-07-01,"MoD","consultant",18
"1405",2013-08-01,"MoD","consultant",16
"1406",2013-09-01,"MoD","consultant",16
"1407",2013-10-01,"MoD","consultant",17
"1408",2013-11-01,"MoD","consultant",17
"1409",2013-12-01,"MoD","consultant",17
"1410",2014-01-01,"MoD","consultant",17
"1411",2014-02-01,"MoD","consultant",16
"1412",2014-03-01,"MoD","consultant",14
"1413",2012-03-01,"MoJ","agency",1106.92
"1414",2012-04-01,"MoJ","agency",750.78
"1415",2012-05-01,"MoJ","agency",633.61
"1416",2012-06-01,"MoJ","agency",575.25
"1417",2012-07-01,"MoJ","agency",639.63
"1418",2012-08-01,"MoJ","agency",1286.49
"1419",2012-09-01,"MoJ","agency",1322.63
"1420",2012-10-01,"MoJ","agency",1375.75
"1421",2012-11-01,"MoJ","agency",1497.98
"1422",2012-12-01,"MoJ","agency",1689.92
"1423",2013-01-01,"MoJ","agency",1759.02
"1424",2013-02-01,"MoJ","agency",1690.84
"1425",2013-03-01,"MoJ","agency",1696.44
"1426",2013-04-01,"MoJ","agency",1724.34
"1427",2013-05-01,"MoJ","agency",1175.8164229
"1428",2013-06-01,"MoJ","agency",1704.83
"1429",2013-07-01,"MoJ","agency",1700.06
"1430",2013-08-01,"MoJ","agency",2027.15
"1431",2013-09-01,"MoJ","agency",2027.15
"1432",2013-10-01,"MoJ","agency",1929.13
"1433",2013-11-01,"MoJ","agency",1915.67
"1434",2013-12-01,"MoJ","agency",1772.09
"1435",2014-01-01,"MoJ","agency",1863.8495247
"1436",2014-02-01,"MoJ","agency",1896.24
"1437",2014-03-01,"MoJ","agency",1890.14
"1438",2012-03-01,"MoJ","interim",33
"1439",2012-04-01,"MoJ","interim",34
"1440",2012-05-01,"MoJ","interim",24.5
"1441",2012-06-01,"MoJ","interim",15
"1442",2012-07-01,"MoJ","interim",13
"1443",2012-08-01,"MoJ","interim",16
"1444",2012-09-01,"MoJ","interim",15
"1445",2012-10-01,"MoJ","interim",17.54
"1446",2012-11-01,"MoJ","interim",17.54
"1447",2012-12-01,"MoJ","interim",15.54
"1448",2013-01-01,"MoJ","interim",16.54
"1449",2013-02-01,"MoJ","interim",17.08
"1450",2013-03-01,"MoJ","interim",15.08
"1451",2013-04-01,"MoJ","interim",24.13
"1452",2013-05-01,"MoJ","interim",13
"1453",2013-06-01,"MoJ","interim",15.56
"1454",2013-07-01,"MoJ","interim",17.41
"1455",2013-08-01,"MoJ","interim",20.61
"1456",2013-09-01,"MoJ","interim",20.61
"1457",2013-10-01,"MoJ","interim",23.01
"1458",2013-11-01,"MoJ","interim",24.01
"1459",2013-12-01,"MoJ","interim",25.51
"1460",2014-01-01,"MoJ","interim",20.51
"1461",2014-02-01,"MoJ","interim",22.91
"1462",2014-03-01,"MoJ","interim",19.91
"1463",2012-03-01,"MoJ","specialist",191.8
"1464",2012-04-01,"MoJ","specialist",250.74
"1465",2012-05-01,"MoJ","specialist",270.8
"1466",2012-06-01,"MoJ","specialist",281.83
"1467",2012-07-01,"MoJ","specialist",268.95
"1468",2012-08-01,"MoJ","specialist",282.95
"1469",2012-09-01,"MoJ","specialist",298.33
"1470",2012-10-01,"MoJ","specialist",297.52
"1471",2012-11-01,"MoJ","specialist",298.57
"1472",2012-12-01,"MoJ","specialist",282.04
"1473",2013-01-01,"MoJ","specialist",280.54
"1474",2013-02-01,"MoJ","specialist",306.54
"1475",2013-03-01,"MoJ","specialist",304.54
"1476",2013-04-01,"MoJ","specialist",292.54
"1477",2013-05-01,"MoJ","specialist",249
"1478",2013-06-01,"MoJ","specialist",303.84
"1479",2013-07-01,"MoJ","specialist",273.04
"1480",2013-08-01,"MoJ","specialist",269.54
"1481",2013-09-01,"MoJ","specialist",269.54
"1482",2013-10-01,"MoJ","specialist",284.94
"1483",2013-11-01,"MoJ","specialist",289.74
"1484",2013-12-01,"MoJ","specialist",290.64
"1485",2014-01-01,"MoJ","specialist",292.1
"1486",2014-02-01,"MoJ","specialist",301
"1487",2014-03-01,"MoJ","specialist",312.4
"1488",2012-03-01,"MoJ","consultant",34.11
"1489",2012-04-01,"MoJ","consultant",17
"1490",2012-05-01,"MoJ","consultant",4
"1491",2012-06-01,"MoJ","consultant",4.45
"1492",2012-07-01,"MoJ","consultant",4
"1493",2012-08-01,"MoJ","consultant",4.57
"1494",2012-09-01,"MoJ","consultant",4
"1495",2012-10-01,"MoJ","consultant",4
"1496",2012-11-01,"MoJ","consultant",5.95
"1497",2012-12-01,"MoJ","consultant",5.45
"1498",2013-01-01,"MoJ","consultant",12
"1499",2013-02-01,"MoJ","consultant",12
"1500",2013-03-01,"MoJ","consultant",12
"1501",2013-04-01,"MoJ","consultant",2
"1502",2013-05-01,"MoJ","consultant",0
"1503",2013-06-01,"MoJ","consultant",0
"1504",2013-07-01,"MoJ","consultant",0
"1505",2013-08-01,"MoJ","consultant",0
"1506",2013-09-01,"MoJ","consultant",0
"1507",2013-10-01,"MoJ","consultant",0
"1508",2013-11-01,"MoJ","consultant",0
"1509",2013-12-01,"MoJ","consultant",0
"1510",2014-01-01,"MoJ","consultant",0
"1511",2014-02-01,"MoJ","consultant",0
"1512",2014-03-01,"MoJ","consultant",0
