"","Group","Gender","Date","Civil.Service.grad","count"
"1","BIS","Female",2008,"Administrative officers and assistants",1910
"2","BIS","Female",2008,"Executive officer",1210
"3","BIS","Female",2008,"Grades 6 & 7",730
"4","BIS","Female",2008,"Not reported",0
"5","BIS","Female",2008,"Senior and higher executive officer",1550
"6","BIS","Female",2008,"Senior Civil Service",100
"7","BIS","Female",2009,"Administrative officers and assistants",1780
"8","BIS","Female",2009,"Executive officer",1150
"9","BIS","Female",2009,"Grades 6 & 7",750
"10","BIS","Female",2009,"Not reported",0
"11","BIS","Female",2009,"Senior and higher executive officer",1610
"12","BIS","Female",2009,"Senior Civil Service",130
"13","BIS","Female",2010,"Administrative officers and assistants",1750
"14","BIS","Female",2010,"Executive officer",1200
"15","BIS","Female",2010,"Grades 6 & 7",810
"16","BIS","Female",2010,"Not reported",0
"17","BIS","Female",2010,"Senior and higher executive officer",1700
"18","BIS","Female",2010,"Senior Civil Service",140
"19","BIS","Female",2011,"Administrative officers and assistants",1780
"20","BIS","Female",2011,"Executive officer",1500
"21","BIS","Female",2011,"Grades 6 & 7",860
"22","BIS","Female",2011,"Not reported",0
"23","BIS","Female",2011,"Senior and higher executive officer",1980
"24","BIS","Female",2011,"Senior Civil Service",160
"25","BIS","Female",2012,"Administrative officers and assistants",1600
"26","BIS","Female",2012,"Executive officer",3110
"27","BIS","Female",2012,"Grades 6 & 7",1020
"28","BIS","Female",2012,"Not reported",0
"29","BIS","Female",2012,"Senior and higher executive officer",3160
"30","BIS","Female",2012,"Senior Civil Service",150
"31","BIS","Male",2008,"Administrative officers and assistants",1080
"32","BIS","Male",2008,"Executive officer",900
"33","BIS","Male",2008,"Grades 6 & 7",1160
"34","BIS","Male",2008,"Not reported",0
"35","BIS","Male",2008,"Senior and higher executive officer",1990
"36","BIS","Male",2008,"Senior Civil Service",240
"37","BIS","Male",2009,"Administrative officers and assistants",990
"38","BIS","Male",2009,"Executive officer",900
"39","BIS","Male",2009,"Grades 6 & 7",1140
"40","BIS","Male",2009,"Not reported",0
"41","BIS","Male",2009,"Senior and higher executive officer",1910
"42","BIS","Male",2009,"Senior Civil Service",240
"43","BIS","Male",2010,"Administrative officers and assistants",950
"44","BIS","Male",2010,"Executive officer",930
"45","BIS","Male",2010,"Grades 6 & 7",1200
"46","BIS","Male",2010,"Not reported",30
"47","BIS","Male",2010,"Senior and higher executive officer",1970
"48","BIS","Male",2010,"Senior Civil Service",240
"49","BIS","Male",2011,"Administrative officers and assistants",940
"50","BIS","Male",2011,"Executive officer",1030
"51","BIS","Male",2011,"Grades 6 & 7",1230
"52","BIS","Male",2011,"Not reported",0
"53","BIS","Male",2011,"Senior and higher executive officer",2160
"54","BIS","Male",2011,"Senior Civil Service",250
"55","BIS","Male",2012,"Administrative officers and assistants",910
"56","BIS","Male",2012,"Executive officer",2270
"57","BIS","Male",2012,"Grades 6 & 7",1540
"58","BIS","Male",2012,"Not reported",0
"59","BIS","Male",2012,"Senior and higher executive officer",3990
"60","BIS","Male",2012,"Senior Civil Service",230
"61","CO","Female",2008,"Administrative officers and assistants",270
"62","CO","Female",2008,"Executive officer",390
"63","CO","Female",2008,"Grades 6 & 7",280
"64","CO","Female",2008,"Not reported",40
"65","CO","Female",2008,"Senior and higher executive officer",600
"66","CO","Female",2008,"Senior Civil Service",90
"67","CO","Female",2009,"Administrative officers and assistants",270
"68","CO","Female",2009,"Executive officer",400
"69","CO","Female",2009,"Grades 6 & 7",320
"70","CO","Female",2009,"Not reported",90
"71","CO","Female",2009,"Senior and higher executive officer",660
"72","CO","Female",2009,"Senior Civil Service",100
"73","CO","Female",2010,"Administrative officers and assistants",250
"74","CO","Female",2010,"Executive officer",400
"75","CO","Female",2010,"Grades 6 & 7",340
"76","CO","Female",2010,"Not reported",0
"77","CO","Female",2010,"Senior and higher executive officer",700
"78","CO","Female",2010,"Senior Civil Service",110
"79","CO","Female",2011,"Administrative officers and assistants",220
"80","CO","Female",2011,"Executive officer",370
"81","CO","Female",2011,"Grades 6 & 7",350
"82","CO","Female",2011,"Not reported",0
"83","CO","Female",2011,"Senior and higher executive officer",630
"84","CO","Female",2011,"Senior Civil Service",110
"85","CO","Female",2012,"Administrative officers and assistants",140
"86","CO","Female",2012,"Executive officer",270
"87","CO","Female",2012,"Grades 6 & 7",340
"88","CO","Female",2012,"Not reported",0
"89","CO","Female",2012,"Senior and higher executive officer",560
"90","CO","Female",2012,"Senior Civil Service",90
"91","CO","Male",2008,"Administrative officers and assistants",160
"92","CO","Male",2008,"Executive officer",230
"93","CO","Male",2008,"Grades 6 & 7",370
"94","CO","Male",2008,"Not reported",50
"95","CO","Male",2008,"Senior and higher executive officer",520
"96","CO","Male",2008,"Senior Civil Service",140
"97","CO","Male",2009,"Administrative officers and assistants",150
"98","CO","Male",2009,"Executive officer",210
"99","CO","Male",2009,"Grades 6 & 7",380
"100","CO","Male",2009,"Not reported",70
"101","CO","Male",2009,"Senior and higher executive officer",530
"102","CO","Male",2009,"Senior Civil Service",140
"103","CO","Male",2010,"Administrative officers and assistants",140
"104","CO","Male",2010,"Executive officer",200
"105","CO","Male",2010,"Grades 6 & 7",390
"106","CO","Male",2010,"Not reported",0
"107","CO","Male",2010,"Senior and higher executive officer",570
"108","CO","Male",2010,"Senior Civil Service",160
"109","CO","Male",2011,"Administrative officers and assistants",130
"110","CO","Male",2011,"Executive officer",210
"111","CO","Male",2011,"Grades 6 & 7",430
"112","CO","Male",2011,"Not reported",0
"113","CO","Male",2011,"Senior and higher executive officer",500
"114","CO","Male",2011,"Senior Civil Service",160
"115","CO","Male",2012,"Administrative officers and assistants",120
"116","CO","Male",2012,"Executive officer",200
"117","CO","Male",2012,"Grades 6 & 7",410
"118","CO","Male",2012,"Not reported",0
"119","CO","Male",2012,"Senior and higher executive officer",470
"120","CO","Male",2012,"Senior Civil Service",160
"121","DCLG","Female",2008,"Administrative officers and assistants",560
"122","DCLG","Female",2008,"Executive officer",550
"123","DCLG","Female",2008,"Grades 6 & 7",390
"124","DCLG","Female",2008,"Not reported",0
"125","DCLG","Female",2008,"Senior and higher executive officer",740
"126","DCLG","Female",2008,"Senior Civil Service",80
"127","DCLG","Female",2009,"Administrative officers and assistants",430
"128","DCLG","Female",2009,"Executive officer",510
"129","DCLG","Female",2009,"Grades 6 & 7",400
"130","DCLG","Female",2009,"Not reported",0
"131","DCLG","Female",2009,"Senior and higher executive officer",690
"132","DCLG","Female",2009,"Senior Civil Service",50
"133","DCLG","Female",2010,"Administrative officers and assistants",410
"134","DCLG","Female",2010,"Executive officer",450
"135","DCLG","Female",2010,"Grades 6 & 7",410
"136","DCLG","Female",2010,"Not reported",0
"137","DCLG","Female",2010,"Senior and higher executive officer",730
"138","DCLG","Female",2010,"Senior Civil Service",50
"139","DCLG","Female",2011,"Administrative officers and assistants",350
"140","DCLG","Female",2011,"Executive officer",390
"141","DCLG","Female",2011,"Grades 6 & 7",380
"142","DCLG","Female",2011,"Not reported",0
"143","DCLG","Female",2011,"Senior and higher executive officer",670
"144","DCLG","Female",2011,"Senior Civil Service",50
"145","DCLG","Female",2012,"Administrative officers and assistants",240
"146","DCLG","Female",2012,"Executive officer",240
"147","DCLG","Female",2012,"Grades 6 & 7",330
"148","DCLG","Female",2012,"Not reported",0
"149","DCLG","Female",2012,"Senior and higher executive officer",480
"150","DCLG","Female",2012,"Senior Civil Service",40
"151","DCLG","Male",2008,"Administrative officers and assistants",430
"152","DCLG","Male",2008,"Executive officer",890
"153","DCLG","Male",2008,"Grades 6 & 7",750
"154","DCLG","Male",2008,"Not reported",0
"155","DCLG","Male",2008,"Senior and higher executive officer",1060
"156","DCLG","Male",2008,"Senior Civil Service",110
"157","DCLG","Male",2009,"Administrative officers and assistants",320
"158","DCLG","Male",2009,"Executive officer",860
"159","DCLG","Male",2009,"Grades 6 & 7",750
"160","DCLG","Male",2009,"Not reported",0
"161","DCLG","Male",2009,"Senior and higher executive officer",990
"162","DCLG","Male",2009,"Senior Civil Service",90
"163","DCLG","Male",2010,"Administrative officers and assistants",310
"164","DCLG","Male",2010,"Executive officer",780
"165","DCLG","Male",2010,"Grades 6 & 7",760
"166","DCLG","Male",2010,"Not reported",0
"167","DCLG","Male",2010,"Senior and higher executive officer",960
"168","DCLG","Male",2010,"Senior Civil Service",90
"169","DCLG","Male",2011,"Administrative officers and assistants",250
"170","DCLG","Male",2011,"Executive officer",700
"171","DCLG","Male",2011,"Grades 6 & 7",640
"172","DCLG","Male",2011,"Not reported",0
"173","DCLG","Male",2011,"Senior and higher executive officer",870
"174","DCLG","Male",2011,"Senior Civil Service",80
"175","DCLG","Male",2012,"Administrative officers and assistants",190
"176","DCLG","Male",2012,"Executive officer",200
"177","DCLG","Male",2012,"Grades 6 & 7",510
"178","DCLG","Male",2012,"Not reported",0
"179","DCLG","Male",2012,"Senior and higher executive officer",480
"180","DCLG","Male",2012,"Senior Civil Service",60
"181","DCMS","Female",2008,"Administrative officers and assistants",40
"182","DCMS","Female",2008,"Executive officer",80
"183","DCMS","Female",2008,"Grades 6 & 7",50
"184","DCMS","Female",2008,"Not reported",0
"185","DCMS","Female",2008,"Senior and higher executive officer",90
"186","DCMS","Female",2008,"Senior Civil Service",10
"187","DCMS","Female",2009,"Administrative officers and assistants",30
"188","DCMS","Female",2009,"Executive officer",80
"189","DCMS","Female",2009,"Grades 6 & 7",100
"190","DCMS","Female",2009,"Not reported",0
"191","DCMS","Female",2009,"Senior and higher executive officer",150
"192","DCMS","Female",2009,"Senior Civil Service",20
"193","DCMS","Female",2010,"Administrative officers and assistants",30
"194","DCMS","Female",2010,"Executive officer",90
"195","DCMS","Female",2010,"Grades 6 & 7",130
"196","DCMS","Female",2010,"Not reported",0
"197","DCMS","Female",2010,"Senior and higher executive officer",150
"198","DCMS","Female",2010,"Senior Civil Service",40
"199","DCMS","Female",2011,"Administrative officers and assistants",20
"200","DCMS","Female",2011,"Executive officer",80
"201","DCMS","Female",2011,"Grades 6 & 7",130
"202","DCMS","Female",2011,"Not reported",0
"203","DCMS","Female",2011,"Senior and higher executive officer",150
"204","DCMS","Female",2011,"Senior Civil Service",40
"205","DCMS","Female",2012,"Administrative officers and assistants",20
"206","DCMS","Female",2012,"Executive officer",60
"207","DCMS","Female",2012,"Grades 6 & 7",80
"208","DCMS","Female",2012,"Not reported",0
"209","DCMS","Female",2012,"Senior and higher executive officer",90
"210","DCMS","Female",2012,"Senior Civil Service",20
"211","DCMS","Male",2008,"Administrative officers and assistants",30
"212","DCMS","Male",2008,"Executive officer",80
"213","DCMS","Male",2008,"Grades 6 & 7",90
"214","DCMS","Male",2008,"Not reported",0
"215","DCMS","Male",2008,"Senior and higher executive officer",90
"216","DCMS","Male",2008,"Senior Civil Service",20
"217","DCMS","Male",2009,"Administrative officers and assistants",20
"218","DCMS","Male",2009,"Executive officer",70
"219","DCMS","Male",2009,"Grades 6 & 7",110
"220","DCMS","Male",2009,"Not reported",0
"221","DCMS","Male",2009,"Senior and higher executive officer",140
"222","DCMS","Male",2009,"Senior Civil Service",30
"223","DCMS","Male",2010,"Administrative officers and assistants",20
"224","DCMS","Male",2010,"Executive officer",90
"225","DCMS","Male",2010,"Grades 6 & 7",140
"226","DCMS","Male",2010,"Not reported",0
"227","DCMS","Male",2010,"Senior and higher executive officer",130
"228","DCMS","Male",2010,"Senior Civil Service",30
"229","DCMS","Male",2011,"Administrative officers and assistants",30
"230","DCMS","Male",2011,"Executive officer",80
"231","DCMS","Male",2011,"Grades 6 & 7",130
"232","DCMS","Male",2011,"Not reported",0
"233","DCMS","Male",2011,"Senior and higher executive officer",120
"234","DCMS","Male",2011,"Senior Civil Service",30
"235","DCMS","Male",2012,"Administrative officers and assistants",20
"236","DCMS","Male",2012,"Executive officer",60
"237","DCMS","Male",2012,"Grades 6 & 7",110
"238","DCMS","Male",2012,"Not reported",0
"239","DCMS","Male",2012,"Senior and higher executive officer",120
"240","DCMS","Male",2012,"Senior Civil Service",20
"241","DECC","Female",2008,"Administrative officers and assistants",0
"242","DECC","Female",2008,"Executive officer",0
"243","DECC","Female",2008,"Grades 6 & 7",0
"244","DECC","Female",2008,"Not reported",0
"245","DECC","Female",2008,"Senior and higher executive officer",0
"246","DECC","Female",2008,"Senior Civil Service",0
"247","DECC","Female",2009,"Administrative officers and assistants",50
"248","DECC","Female",2009,"Executive officer",60
"249","DECC","Female",2009,"Grades 6 & 7",130
"250","DECC","Female",2009,"Not reported",0
"251","DECC","Female",2009,"Senior and higher executive officer",130
"252","DECC","Female",2009,"Senior Civil Service",10
"253","DECC","Female",2010,"Administrative officers and assistants",40
"254","DECC","Female",2010,"Executive officer",70
"255","DECC","Female",2010,"Grades 6 & 7",160
"256","DECC","Female",2010,"Not reported",0
"257","DECC","Female",2010,"Senior and higher executive officer",170
"258","DECC","Female",2010,"Senior Civil Service",20
"259","DECC","Female",2011,"Administrative officers and assistants",50
"260","DECC","Female",2011,"Executive officer",70
"261","DECC","Female",2011,"Grades 6 & 7",200
"262","DECC","Female",2011,"Not reported",0
"263","DECC","Female",2011,"Senior and higher executive officer",190
"264","DECC","Female",2011,"Senior Civil Service",20
"265","DECC","Female",2012,"Administrative officers and assistants",50
"266","DECC","Female",2012,"Executive officer",70
"267","DECC","Female",2012,"Grades 6 & 7",230
"268","DECC","Female",2012,"Not reported",0
"269","DECC","Female",2012,"Senior and higher executive officer",220
"270","DECC","Female",2012,"Senior Civil Service",30
"271","DECC","Male",2008,"Administrative officers and assistants",0
"272","DECC","Male",2008,"Executive officer",0
"273","DECC","Male",2008,"Grades 6 & 7",0
"274","DECC","Male",2008,"Not reported",0
"275","DECC","Male",2008,"Senior and higher executive officer",0
"276","DECC","Male",2008,"Senior Civil Service",0
"277","DECC","Male",2009,"Administrative officers and assistants",30
"278","DECC","Male",2009,"Executive officer",50
"279","DECC","Male",2009,"Grades 6 & 7",190
"280","DECC","Male",2009,"Not reported",0
"281","DECC","Male",2009,"Senior and higher executive officer",200
"282","DECC","Male",2009,"Senior Civil Service",50
"283","DECC","Male",2010,"Administrative officers and assistants",30
"284","DECC","Male",2010,"Executive officer",40
"285","DECC","Male",2010,"Grades 6 & 7",240
"286","DECC","Male",2010,"Not reported",0
"287","DECC","Male",2010,"Senior and higher executive officer",220
"288","DECC","Male",2010,"Senior Civil Service",60
"289","DECC","Male",2011,"Administrative officers and assistants",30
"290","DECC","Male",2011,"Executive officer",40
"291","DECC","Male",2011,"Grades 6 & 7",270
"292","DECC","Male",2011,"Not reported",0
"293","DECC","Male",2011,"Senior and higher executive officer",240
"294","DECC","Male",2011,"Senior Civil Service",60
"295","DECC","Male",2012,"Administrative officers and assistants",40
"296","DECC","Male",2012,"Executive officer",50
"297","DECC","Male",2012,"Grades 6 & 7",310
"298","DECC","Male",2012,"Not reported",0
"299","DECC","Male",2012,"Senior and higher executive officer",270
"300","DECC","Male",2012,"Senior Civil Service",60
"301","Defra","Female",2008,"Administrative officers and assistants",2630
"302","Defra","Female",2008,"Executive officer",1480
"303","Defra","Female",2008,"Grades 6 & 7",530
"304","Defra","Female",2008,"Not reported",0
"305","Defra","Female",2008,"Senior and higher executive officer",1340
"306","Defra","Female",2008,"Senior Civil Service",60
"307","Defra","Female",2009,"Administrative officers and assistants",2580
"308","Defra","Female",2009,"Executive officer",1410
"309","Defra","Female",2009,"Grades 6 & 7",560
"310","Defra","Female",2009,"Not reported",0
"311","Defra","Female",2009,"Senior and higher executive officer",1270
"312","Defra","Female",2009,"Senior Civil Service",50
"313","Defra","Female",2010,"Administrative officers and assistants",2470
"314","Defra","Female",2010,"Executive officer",1410
"315","Defra","Female",2010,"Grades 6 & 7",590
"316","Defra","Female",2010,"Not reported",0
"317","Defra","Female",2010,"Senior and higher executive officer",1370
"318","Defra","Female",2010,"Senior Civil Service",50
"319","Defra","Female",2011,"Administrative officers and assistants",2120
"320","Defra","Female",2011,"Executive officer",1280
"321","Defra","Female",2011,"Grades 6 & 7",560
"322","Defra","Female",2011,"Not reported",0
"323","Defra","Female",2011,"Senior and higher executive officer",1330
"324","Defra","Female",2011,"Senior Civil Service",50
"325","Defra","Female",2012,"Administrative officers and assistants",1870
"326","Defra","Female",2012,"Executive officer",1180
"327","Defra","Female",2012,"Grades 6 & 7",470
"328","Defra","Female",2012,"Not reported",0
"329","Defra","Female",2012,"Senior and higher executive officer",1240
"330","Defra","Female",2012,"Senior Civil Service",30
"331","Defra","Male",2008,"Administrative officers and assistants",1680
"332","Defra","Male",2008,"Executive officer",1190
"333","Defra","Male",2008,"Grades 6 & 7",890
"334","Defra","Male",2008,"Not reported",0
"335","Defra","Male",2008,"Senior and higher executive officer",1620
"336","Defra","Male",2008,"Senior Civil Service",140
"337","Defra","Male",2009,"Administrative officers and assistants",1590
"338","Defra","Male",2009,"Executive officer",1160
"339","Defra","Male",2009,"Grades 6 & 7",850
"340","Defra","Male",2009,"Not reported",0
"341","Defra","Male",2009,"Senior and higher executive officer",1550
"342","Defra","Male",2009,"Senior Civil Service",130
"343","Defra","Male",2010,"Administrative officers and assistants",1420
"344","Defra","Male",2010,"Executive officer",1150
"345","Defra","Male",2010,"Grades 6 & 7",850
"346","Defra","Male",2010,"Not reported",0
"347","Defra","Male",2010,"Senior and higher executive officer",1570
"348","Defra","Male",2010,"Senior Civil Service",130
"349","Defra","Male",2011,"Administrative officers and assistants",1240
"350","Defra","Male",2011,"Executive officer",1000
"351","Defra","Male",2011,"Grades 6 & 7",820
"352","Defra","Male",2011,"Not reported",0
"353","Defra","Male",2011,"Senior and higher executive officer",1470
"354","Defra","Male",2011,"Senior Civil Service",130
"355","Defra","Male",2012,"Administrative officers and assistants",1110
"356","Defra","Male",2012,"Executive officer",950
"357","Defra","Male",2012,"Grades 6 & 7",730
"358","Defra","Male",2012,"Not reported",0
"359","Defra","Male",2012,"Senior and higher executive officer",1360
"360","Defra","Male",2012,"Senior Civil Service",110
"361","DfE","Female",2008,"Administrative officers and assistants",570
"362","DfE","Female",2008,"Executive officer",580
"363","DfE","Female",2008,"Grades 6 & 7",670
"364","DfE","Female",2008,"Not reported",0
"365","DfE","Female",2008,"Senior and higher executive officer",1890
"366","DfE","Female",2008,"Senior Civil Service",90
"367","DfE","Female",2009,"Administrative officers and assistants",480
"368","DfE","Female",2009,"Executive officer",540
"369","DfE","Female",2009,"Grades 6 & 7",720
"370","DfE","Female",2009,"Not reported",0
"371","DfE","Female",2009,"Senior and higher executive officer",1830
"372","DfE","Female",2009,"Senior Civil Service",110
"373","DfE","Female",2010,"Administrative officers and assistants",410
"374","DfE","Female",2010,"Executive officer",510
"375","DfE","Female",2010,"Grades 6 & 7",720
"376","DfE","Female",2010,"Not reported",0
"377","DfE","Female",2010,"Senior and higher executive officer",1660
"378","DfE","Female",2010,"Senior Civil Service",100
"379","DfE","Female",2011,"Administrative officers and assistants",360
"380","DfE","Female",2011,"Executive officer",530
"381","DfE","Female",2011,"Grades 6 & 7",700
"382","DfE","Female",2011,"Not reported",0
"383","DfE","Female",2011,"Senior and higher executive officer",1090
"384","DfE","Female",2011,"Senior Civil Service",100
"385","DfE","Female",2012,"Administrative officers and assistants",290
"386","DfE","Female",2012,"Executive officer",490
"387","DfE","Female",2012,"Grades 6 & 7",720
"388","DfE","Female",2012,"Not reported",0
"389","DfE","Female",2012,"Senior and higher executive officer",1120
"390","DfE","Female",2012,"Senior Civil Service",80
"391","DfE","Male",2008,"Administrative officers and assistants",270
"392","DfE","Male",2008,"Executive officer",310
"393","DfE","Male",2008,"Grades 6 & 7",630
"394","DfE","Male",2008,"Not reported",0
"395","DfE","Male",2008,"Senior and higher executive officer",830
"396","DfE","Male",2008,"Senior Civil Service",90
"397","DfE","Male",2009,"Administrative officers and assistants",220
"398","DfE","Male",2009,"Executive officer",280
"399","DfE","Male",2009,"Grades 6 & 7",670
"400","DfE","Male",2009,"Not reported",0
"401","DfE","Male",2009,"Senior and higher executive officer",820
"402","DfE","Male",2009,"Senior Civil Service",80
"403","DfE","Male",2010,"Administrative officers and assistants",210
"404","DfE","Male",2010,"Executive officer",250
"405","DfE","Male",2010,"Grades 6 & 7",610
"406","DfE","Male",2010,"Not reported",0
"407","DfE","Male",2010,"Senior and higher executive officer",730
"408","DfE","Male",2010,"Senior Civil Service",80
"409","DfE","Male",2011,"Administrative officers and assistants",170
"410","DfE","Male",2011,"Executive officer",250
"411","DfE","Male",2011,"Grades 6 & 7",630
"412","DfE","Male",2011,"Not reported",0
"413","DfE","Male",2011,"Senior and higher executive officer",720
"414","DfE","Male",2011,"Senior Civil Service",80
"415","DfE","Male",2012,"Administrative officers and assistants",150
"416","DfE","Male",2012,"Executive officer",230
"417","DfE","Male",2012,"Grades 6 & 7",650
"418","DfE","Male",2012,"Not reported",0
"419","DfE","Male",2012,"Senior and higher executive officer",720
"420","DfE","Male",2012,"Senior Civil Service",80
"421","DfID","Female",2008,"Administrative officers and assistants",130
"422","DfID","Female",2008,"Executive officer",140
"423","DfID","Female",2008,"Grades 6 & 7",290
"424","DfID","Female",2008,"Not reported",0
"425","DfID","Female",2008,"Senior and higher executive officer",230
"426","DfID","Female",2008,"Senior Civil Service",40
"427","DfID","Female",2009,"Administrative officers and assistants",100
"428","DfID","Female",2009,"Executive officer",140
"429","DfID","Female",2009,"Grades 6 & 7",330
"430","DfID","Female",2009,"Not reported",0
"431","DfID","Female",2009,"Senior and higher executive officer",230
"432","DfID","Female",2009,"Senior Civil Service",30
"433","DfID","Female",2010,"Administrative officers and assistants",100
"434","DfID","Female",2010,"Executive officer",130
"435","DfID","Female",2010,"Grades 6 & 7",340
"436","DfID","Female",2010,"Not reported",0
"437","DfID","Female",2010,"Senior and higher executive officer",220
"438","DfID","Female",2010,"Senior Civil Service",30
"439","DfID","Female",2011,"Administrative officers and assistants",80
"440","DfID","Female",2011,"Executive officer",120
"441","DfID","Female",2011,"Grades 6 & 7",380
"442","DfID","Female",2011,"Not reported",0
"443","DfID","Female",2011,"Senior and higher executive officer",230
"444","DfID","Female",2011,"Senior Civil Service",30
"445","DfID","Female",2012,"Administrative officers and assistants",70
"446","DfID","Female",2012,"Executive officer",100
"447","DfID","Female",2012,"Grades 6 & 7",430
"448","DfID","Female",2012,"Not reported",0
"449","DfID","Female",2012,"Senior and higher executive officer",250
"450","DfID","Female",2012,"Senior Civil Service",30
"451","DfID","Male",2008,"Administrative officers and assistants",70
"452","DfID","Male",2008,"Executive officer",100
"453","DfID","Male",2008,"Grades 6 & 7",380
"454","DfID","Male",2008,"Not reported",0
"455","DfID","Male",2008,"Senior and higher executive officer",220
"456","DfID","Male",2008,"Senior Civil Service",60
"457","DfID","Male",2009,"Administrative officers and assistants",70
"458","DfID","Male",2009,"Executive officer",90
"459","DfID","Male",2009,"Grades 6 & 7",370
"460","DfID","Male",2009,"Not reported",0
"461","DfID","Male",2009,"Senior and higher executive officer",230
"462","DfID","Male",2009,"Senior Civil Service",70
"463","DfID","Male",2010,"Administrative officers and assistants",60
"464","DfID","Male",2010,"Executive officer",80
"465","DfID","Male",2010,"Grades 6 & 7",390
"466","DfID","Male",2010,"Not reported",0
"467","DfID","Male",2010,"Senior and higher executive officer",220
"468","DfID","Male",2010,"Senior Civil Service",60
"469","DfID","Male",2011,"Administrative officers and assistants",50
"470","DfID","Male",2011,"Executive officer",80
"471","DfID","Male",2011,"Grades 6 & 7",380
"472","DfID","Male",2011,"Not reported",0
"473","DfID","Male",2011,"Senior and higher executive officer",220
"474","DfID","Male",2011,"Senior Civil Service",50
"475","DfID","Male",2012,"Administrative officers and assistants",40
"476","DfID","Male",2012,"Executive officer",80
"477","DfID","Male",2012,"Grades 6 & 7",440
"478","DfID","Male",2012,"Not reported",0
"479","DfID","Male",2012,"Senior and higher executive officer",210
"480","DfID","Male",2012,"Senior Civil Service",50
"481","DfT","Female",2008,"Administrative officers and assistants",4730
"482","DfT","Female",2008,"Executive officer",1770
"483","DfT","Female",2008,"Grades 6 & 7",320
"484","DfT","Female",2008,"Not reported",10
"485","DfT","Female",2008,"Senior and higher executive officer",1250
"486","DfT","Female",2008,"Senior Civil Service",60
"487","DfT","Female",2009,"Administrative officers and assistants",4570
"488","DfT","Female",2009,"Executive officer",1820
"489","DfT","Female",2009,"Grades 6 & 7",370
"490","DfT","Female",2009,"Not reported",0
"491","DfT","Female",2009,"Senior and higher executive officer",1330
"492","DfT","Female",2009,"Senior Civil Service",50
"493","DfT","Female",2010,"Administrative officers and assistants",4500
"494","DfT","Female",2010,"Executive officer",1820
"495","DfT","Female",2010,"Grades 6 & 7",410
"496","DfT","Female",2010,"Not reported",0
"497","DfT","Female",2010,"Senior and higher executive officer",1420
"498","DfT","Female",2010,"Senior Civil Service",50
"499","DfT","Female",2011,"Administrative officers and assistants",4400
"500","DfT","Female",2011,"Executive officer",1570
"501","DfT","Female",2011,"Grades 6 & 7",380
"502","DfT","Female",2011,"Not reported",0
"503","DfT","Female",2011,"Senior and higher executive officer",1350
"504","DfT","Female",2011,"Senior Civil Service",40
"505","DfT","Female",2012,"Administrative officers and assistants",4250
"506","DfT","Female",2012,"Executive officer",1510
"507","DfT","Female",2012,"Grades 6 & 7",370
"508","DfT","Female",2012,"Not reported",0
"509","DfT","Female",2012,"Senior and higher executive officer",1340
"510","DfT","Female",2012,"Senior Civil Service",60
"511","DfT","Male",2008,"Administrative officers and assistants",3430
"512","DfT","Male",2008,"Executive officer",4330
"513","DfT","Male",2008,"Grades 6 & 7",1020
"514","DfT","Male",2008,"Not reported",10
"515","DfT","Male",2008,"Senior and higher executive officer",2380
"516","DfT","Male",2008,"Senior Civil Service",150
"517","DfT","Male",2009,"Administrative officers and assistants",3240
"518","DfT","Male",2009,"Executive officer",4500
"519","DfT","Male",2009,"Grades 6 & 7",1040
"520","DfT","Male",2009,"Not reported",0
"521","DfT","Male",2009,"Senior and higher executive officer",2480
"522","DfT","Male",2009,"Senior Civil Service",140
"523","DfT","Male",2010,"Administrative officers and assistants",3250
"524","DfT","Male",2010,"Executive officer",4470
"525","DfT","Male",2010,"Grades 6 & 7",1120
"526","DfT","Male",2010,"Not reported",0
"527","DfT","Male",2010,"Senior and higher executive officer",2470
"528","DfT","Male",2010,"Senior Civil Service",160
"529","DfT","Male",2011,"Administrative officers and assistants",4050
"530","DfT","Male",2011,"Executive officer",3230
"531","DfT","Male",2011,"Grades 6 & 7",1010
"532","DfT","Male",2011,"Not reported",0
"533","DfT","Male",2011,"Senior and higher executive officer",2440
"534","DfT","Male",2011,"Senior Civil Service",140
"535","DfT","Male",2012,"Administrative officers and assistants",3820
"536","DfT","Male",2012,"Executive officer",3130
"537","DfT","Male",2012,"Grades 6 & 7",970
"538","DfT","Male",2012,"Not reported",0
"539","DfT","Male",2012,"Senior and higher executive officer",2380
"540","DfT","Male",2012,"Senior Civil Service",140
"541","DH","Female",2008,"Administrative officers and assistants",410
"542","DH","Female",2008,"Executive officer",700
"543","DH","Female",2008,"Grades 6 & 7",540
"544","DH","Female",2008,"Not reported",0
"545","DH","Female",2008,"Senior and higher executive officer",910
"546","DH","Female",2008,"Senior Civil Service",160
"547","DH","Female",2009,"Administrative officers and assistants",350
"548","DH","Female",2009,"Executive officer",670
"549","DH","Female",2009,"Grades 6 & 7",600
"550","DH","Female",2009,"Not reported",0
"551","DH","Female",2009,"Senior and higher executive officer",950
"552","DH","Female",2009,"Senior Civil Service",160
"553","DH","Female",2010,"Administrative officers and assistants",310
"554","DH","Female",2010,"Executive officer",680
"555","DH","Female",2010,"Grades 6 & 7",660
"556","DH","Female",2010,"Not reported",0
"557","DH","Female",2010,"Senior and higher executive officer",960
"558","DH","Female",2010,"Senior Civil Service",180
"559","DH","Female",2011,"Administrative officers and assistants",300
"560","DH","Female",2011,"Executive officer",610
"561","DH","Female",2011,"Grades 6 & 7",620
"562","DH","Female",2011,"Not reported",0
"563","DH","Female",2011,"Senior and higher executive officer",920
"564","DH","Female",2011,"Senior Civil Service",170
"565","DH","Female",2012,"Administrative officers and assistants",170
"566","DH","Female",2012,"Executive officer",500
"567","DH","Female",2012,"Grades 6 & 7",600
"568","DH","Female",2012,"Not reported",0
"569","DH","Female",2012,"Senior and higher executive officer",840
"570","DH","Female",2012,"Senior Civil Service",160
"571","DH","Male",2008,"Administrative officers and assistants",260
"572","DH","Male",2008,"Executive officer",1020
"573","DH","Male",2008,"Grades 6 & 7",610
"574","DH","Male",2008,"Not reported",0
"575","DH","Male",2008,"Senior and higher executive officer",840
"576","DH","Male",2008,"Senior Civil Service",240
"577","DH","Male",2009,"Administrative officers and assistants",210
"578","DH","Male",2009,"Executive officer",980
"579","DH","Male",2009,"Grades 6 & 7",630
"580","DH","Male",2009,"Not reported",0
"581","DH","Male",2009,"Senior and higher executive officer",780
"582","DH","Male",2009,"Senior Civil Service",250
"583","DH","Male",2010,"Administrative officers and assistants",190
"584","DH","Male",2010,"Executive officer",880
"585","DH","Male",2010,"Grades 6 & 7",680
"586","DH","Male",2010,"Not reported",0
"587","DH","Male",2010,"Senior and higher executive officer",810
"588","DH","Male",2010,"Senior Civil Service",250
"589","DH","Male",2011,"Administrative officers and assistants",160
"590","DH","Male",2011,"Executive officer",830
"591","DH","Male",2011,"Grades 6 & 7",640
"592","DH","Male",2011,"Not reported",0
"593","DH","Male",2011,"Senior and higher executive officer",760
"594","DH","Male",2011,"Senior Civil Service",240
"595","DH","Male",2012,"Administrative officers and assistants",80
"596","DH","Male",2012,"Executive officer",770
"597","DH","Male",2012,"Grades 6 & 7",570
"598","DH","Male",2012,"Not reported",0
"599","DH","Male",2012,"Senior and higher executive officer",720
"600","DH","Male",2012,"Senior Civil Service",210
"601","DWP","Female",2008,"Administrative officers and assistants",43130
"602","DWP","Female",2008,"Executive officer",28550
"603","DWP","Female",2008,"Grades 6 & 7",1120
"604","DWP","Female",2008,"Not reported",0
"605","DWP","Female",2008,"Senior and higher executive officer",7030
"606","DWP","Female",2008,"Senior Civil Service",130
"607","DWP","Female",2009,"Administrative officers and assistants",44170
"608","DWP","Female",2009,"Executive officer",29020
"609","DWP","Female",2009,"Grades 6 & 7",1180
"610","DWP","Female",2009,"Not reported",0
"611","DWP","Female",2009,"Senior and higher executive officer",7170
"612","DWP","Female",2009,"Senior Civil Service",140
"613","DWP","Female",2010,"Administrative officers and assistants",44750
"614","DWP","Female",2010,"Executive officer",33050
"615","DWP","Female",2010,"Grades 6 & 7",1540
"616","DWP","Female",2010,"Not reported",10
"617","DWP","Female",2010,"Senior and higher executive officer",8920
"618","DWP","Female",2010,"Senior Civil Service",140
"619","DWP","Female",2011,"Administrative officers and assistants",42530
"620","DWP","Female",2011,"Executive officer",30100
"621","DWP","Female",2011,"Grades 6 & 7",1320
"622","DWP","Female",2011,"Not reported",110
"623","DWP","Female",2011,"Senior and higher executive officer",7740
"624","DWP","Female",2011,"Senior Civil Service",130
"625","DWP","Female",2012,"Administrative officers and assistants",38760
"626","DWP","Female",2012,"Executive officer",28800
"627","DWP","Female",2012,"Grades 6 & 7",1170
"628","DWP","Female",2012,"Not reported",90
"629","DWP","Female",2012,"Senior and higher executive officer",7180
"630","DWP","Female",2012,"Senior Civil Service",110
"631","DWP","Male",2008,"Administrative officers and assistants",17260
"632","DWP","Male",2008,"Executive officer",13050
"633","DWP","Male",2008,"Grades 6 & 7",1770
"634","DWP","Male",2008,"Not reported",0
"635","DWP","Male",2008,"Senior and higher executive officer",5330
"636","DWP","Male",2008,"Senior Civil Service",230
"637","DWP","Male",2009,"Administrative officers and assistants",18770
"638","DWP","Male",2009,"Executive officer",13270
"639","DWP","Male",2009,"Grades 6 & 7",1820
"640","DWP","Male",2009,"Not reported",0
"641","DWP","Male",2009,"Senior and higher executive officer",5360
"642","DWP","Male",2009,"Senior Civil Service",230
"643","DWP","Male",2010,"Administrative officers and assistants",20450
"644","DWP","Male",2010,"Executive officer",16100
"645","DWP","Male",2010,"Grades 6 & 7",2070
"646","DWP","Male",2010,"Not reported",10
"647","DWP","Male",2010,"Senior and higher executive officer",6250
"648","DWP","Male",2010,"Senior Civil Service",250
"649","DWP","Male",2011,"Administrative officers and assistants",18410
"650","DWP","Male",2011,"Executive officer",14360
"651","DWP","Male",2011,"Grades 6 & 7",1820
"652","DWP","Male",2011,"Not reported",110
"653","DWP","Male",2011,"Senior and higher executive officer",5600
"654","DWP","Male",2011,"Senior Civil Service",230
"655","DWP","Male",2012,"Administrative officers and assistants",16060
"656","DWP","Male",2012,"Executive officer",13230
"657","DWP","Male",2012,"Grades 6 & 7",1580
"658","DWP","Male",2012,"Not reported",100
"659","DWP","Male",2012,"Senior and higher executive officer",5230
"660","DWP","Male",2012,"Senior Civil Service",190
"661","FCO","Female",2008,"Administrative officers and assistants",1110
"662","FCO","Female",2008,"Executive officer",1480
"663","FCO","Female",2008,"Grades 6 & 7",410
"664","FCO","Female",2008,"Not reported",60
"665","FCO","Female",2008,"Senior and higher executive officer",1240
"666","FCO","Female",2008,"Senior Civil Service",80
"667","FCO","Female",2009,"Administrative officers and assistants",1140
"668","FCO","Female",2009,"Executive officer",1450
"669","FCO","Female",2009,"Grades 6 & 7",440
"670","FCO","Female",2009,"Not reported",60
"671","FCO","Female",2009,"Senior and higher executive officer",1370
"672","FCO","Female",2009,"Senior Civil Service",90
"673","FCO","Female",2010,"Administrative officers and assistants",1120
"674","FCO","Female",2010,"Executive officer",1410
"675","FCO","Female",2010,"Grades 6 & 7",470
"676","FCO","Female",2010,"Not reported",120
"677","FCO","Female",2010,"Senior and higher executive officer",1350
"678","FCO","Female",2010,"Senior Civil Service",90
"679","FCO","Female",2011,"Administrative officers and assistants",1020
"680","FCO","Female",2011,"Executive officer",1350
"681","FCO","Female",2011,"Grades 6 & 7",440
"682","FCO","Female",2011,"Not reported",190
"683","FCO","Female",2011,"Senior and higher executive officer",1270
"684","FCO","Female",2011,"Senior Civil Service",90
"685","FCO","Female",2012,"Administrative officers and assistants",1070
"686","FCO","Female",2012,"Executive officer",1550
"687","FCO","Female",2012,"Grades 6 & 7",550
"688","FCO","Female",2012,"Not reported",0
"689","FCO","Female",2012,"Senior and higher executive officer",1480
"690","FCO","Female",2012,"Senior Civil Service",110
"691","FCO","Male",2008,"Administrative officers and assistants",740
"692","FCO","Male",2008,"Executive officer",2050
"693","FCO","Male",2008,"Grades 6 & 7",1020
"694","FCO","Male",2008,"Not reported",90
"695","FCO","Male",2008,"Senior and higher executive officer",2730
"696","FCO","Male",2008,"Senior Civil Service",360
"697","FCO","Male",2009,"Administrative officers and assistants",760
"698","FCO","Male",2009,"Executive officer",2050
"699","FCO","Male",2009,"Grades 6 & 7",1110
"700","FCO","Male",2009,"Not reported",130
"701","FCO","Male",2009,"Senior and higher executive officer",2930
"702","FCO","Male",2009,"Senior Civil Service",340
"703","FCO","Male",2010,"Administrative officers and assistants",820
"704","FCO","Male",2010,"Executive officer",2160
"705","FCO","Male",2010,"Grades 6 & 7",1110
"706","FCO","Male",2010,"Not reported",10
"707","FCO","Male",2010,"Senior and higher executive officer",2960
"708","FCO","Male",2010,"Senior Civil Service",340
"709","FCO","Male",2011,"Administrative officers and assistants",760
"710","FCO","Male",2011,"Executive officer",2030
"711","FCO","Male",2011,"Grades 6 & 7",1010
"712","FCO","Male",2011,"Not reported",80
"713","FCO","Male",2011,"Senior and higher executive officer",2830
"714","FCO","Male",2011,"Senior Civil Service",320
"715","FCO","Male",2012,"Administrative officers and assistants",730
"716","FCO","Male",2012,"Executive officer",2040
"717","FCO","Male",2012,"Grades 6 & 7",1130
"718","FCO","Male",2012,"Not reported",0
"719","FCO","Male",2012,"Senior and higher executive officer",3000
"720","FCO","Male",2012,"Senior Civil Service",390
"721","HMRC","Female",2008,"Administrative officers and assistants",33720
"722","HMRC","Female",2008,"Executive officer",12760
"723","HMRC","Female",2008,"Grades 6 & 7",1330
"724","HMRC","Female",2008,"Not reported",0
"725","HMRC","Female",2008,"Senior and higher executive officer",6800
"726","HMRC","Female",2008,"Senior Civil Service",110
"727","HMRC","Female",2009,"Administrative officers and assistants",32040
"728","HMRC","Female",2009,"Executive officer",12520
"729","HMRC","Female",2009,"Grades 6 & 7",1490
"730","HMRC","Female",2009,"Not reported",10
"731","HMRC","Female",2009,"Senior and higher executive officer",7010
"732","HMRC","Female",2009,"Senior Civil Service",140
"733","HMRC","Female",2010,"Administrative officers and assistants",29560
"734","HMRC","Female",2010,"Executive officer",11870
"735","HMRC","Female",2010,"Grades 6 & 7",1470
"736","HMRC","Female",2010,"Not reported",0
"737","HMRC","Female",2010,"Senior and higher executive officer",6770
"738","HMRC","Female",2010,"Senior Civil Service",130
"739","HMRC","Female",2011,"Administrative officers and assistants",27170
"740","HMRC","Female",2011,"Executive officer",10560
"741","HMRC","Female",2011,"Grades 6 & 7",1470
"742","HMRC","Female",2011,"Not reported",0
"743","HMRC","Female",2011,"Senior and higher executive officer",6390
"744","HMRC","Female",2011,"Senior Civil Service",120
"745","HMRC","Female",2012,"Administrative officers and assistants",27570
"746","HMRC","Female",2012,"Executive officer",10250
"747","HMRC","Female",2012,"Grades 6 & 7",1490
"748","HMRC","Female",2012,"Not reported",0
"749","HMRC","Female",2012,"Senior and higher executive officer",6310
"750","HMRC","Female",2012,"Senior Civil Service",140
"751","HMRC","Male",2008,"Administrative officers and assistants",17250
"752","HMRC","Male",2008,"Executive officer",10430
"753","HMRC","Male",2008,"Grades 6 & 7",2660
"754","HMRC","Male",2008,"Not reported",0
"755","HMRC","Male",2008,"Senior and higher executive officer",10000
"756","HMRC","Male",2008,"Senior Civil Service",300
"757","HMRC","Male",2009,"Administrative officers and assistants",16950
"758","HMRC","Male",2009,"Executive officer",10020
"759","HMRC","Male",2009,"Grades 6 & 7",2760
"760","HMRC","Male",2009,"Not reported",10
"761","HMRC","Male",2009,"Senior and higher executive officer",9870
"762","HMRC","Male",2009,"Senior Civil Service",340
"763","HMRC","Male",2010,"Administrative officers and assistants",15430
"764","HMRC","Male",2010,"Executive officer",9660
"765","HMRC","Male",2010,"Grades 6 & 7",2680
"766","HMRC","Male",2010,"Not reported",0
"767","HMRC","Male",2010,"Senior and higher executive officer",9500
"768","HMRC","Male",2010,"Senior Civil Service",290
"769","HMRC","Male",2011,"Administrative officers and assistants",13870
"770","HMRC","Male",2011,"Executive officer",7560
"771","HMRC","Male",2011,"Grades 6 & 7",2640
"772","HMRC","Male",2011,"Not reported",0
"773","HMRC","Male",2011,"Senior and higher executive officer",8550
"774","HMRC","Male",2011,"Senior Civil Service",270
"775","HMRC","Male",2012,"Administrative officers and assistants",14690
"776","HMRC","Male",2012,"Executive officer",7270
"777","HMRC","Male",2012,"Grades 6 & 7",2590
"778","HMRC","Male",2012,"Not reported",0
"779","HMRC","Male",2012,"Senior and higher executive officer",8330
"780","HMRC","Male",2012,"Senior Civil Service",260
"781","HMT","Female",2008,"Administrative officers and assistants",1110
"782","HMT","Female",2008,"Executive officer",610
"783","HMT","Female",2008,"Grades 6 & 7",350
"784","HMT","Female",2008,"Not reported",0
"785","HMT","Female",2008,"Senior and higher executive officer",810
"786","HMT","Female",2008,"Senior Civil Service",70
"787","HMT","Female",2009,"Administrative officers and assistants",1340
"788","HMT","Female",2009,"Executive officer",590
"789","HMT","Female",2009,"Grades 6 & 7",410
"790","HMT","Female",2009,"Not reported",0
"791","HMT","Female",2009,"Senior and higher executive officer",880
"792","HMT","Female",2009,"Senior Civil Service",60
"793","HMT","Female",2010,"Administrative officers and assistants",1210
"794","HMT","Female",2010,"Executive officer",620
"795","HMT","Female",2010,"Grades 6 & 7",440
"796","HMT","Female",2010,"Not reported",0
"797","HMT","Female",2010,"Senior and higher executive officer",920
"798","HMT","Female",2010,"Senior Civil Service",80
"799","HMT","Female",2011,"Administrative officers and assistants",1170
"800","HMT","Female",2011,"Executive officer",580
"801","HMT","Female",2011,"Grades 6 & 7",340
"802","HMT","Female",2011,"Not reported",0
"803","HMT","Female",2011,"Senior and higher executive officer",860
"804","HMT","Female",2011,"Senior Civil Service",60
"805","HMT","Female",2012,"Administrative officers and assistants",1080
"806","HMT","Female",2012,"Executive officer",510
"807","HMT","Female",2012,"Grades 6 & 7",310
"808","HMT","Female",2012,"Not reported",0
"809","HMT","Female",2012,"Senior and higher executive officer",790
"810","HMT","Female",2012,"Senior Civil Service",70
"811","HMT","Male",2008,"Administrative officers and assistants",530
"812","HMT","Male",2008,"Executive officer",630
"813","HMT","Male",2008,"Grades 6 & 7",570
"814","HMT","Male",2008,"Not reported",0
"815","HMT","Male",2008,"Senior and higher executive officer",1120
"816","HMT","Male",2008,"Senior Civil Service",150
"817","HMT","Male",2009,"Administrative officers and assistants",1060
"818","HMT","Male",2009,"Executive officer",780
"819","HMT","Male",2009,"Grades 6 & 7",620
"820","HMT","Male",2009,"Not reported",0
"821","HMT","Male",2009,"Senior and higher executive officer",930
"822","HMT","Male",2009,"Senior Civil Service",140
"823","HMT","Male",2010,"Administrative officers and assistants",950
"824","HMT","Male",2010,"Executive officer",340
"825","HMT","Male",2010,"Grades 6 & 7",680
"826","HMT","Male",2010,"Not reported",0
"827","HMT","Male",2010,"Senior and higher executive officer",940
"828","HMT","Male",2010,"Senior Civil Service",180
"829","HMT","Male",2011,"Administrative officers and assistants",870
"830","HMT","Male",2011,"Executive officer",300
"831","HMT","Male",2011,"Grades 6 & 7",570
"832","HMT","Male",2011,"Not reported",0
"833","HMT","Male",2011,"Senior and higher executive officer",860
"834","HMT","Male",2011,"Senior Civil Service",130
"835","HMT","Male",2012,"Administrative officers and assistants",770
"836","HMT","Male",2012,"Executive officer",280
"837","HMT","Male",2012,"Grades 6 & 7",500
"838","HMT","Male",2012,"Not reported",0
"839","HMT","Male",2012,"Senior and higher executive officer",800
"840","HMT","Male",2012,"Senior Civil Service",130
"841","HO","Female",2008,"Administrative officers and assistants",6300
"842","HO","Female",2008,"Executive officer",5240
"843","HO","Female",2008,"Grades 6 & 7",630
"844","HO","Female",2008,"Not reported",0
"845","HO","Female",2008,"Senior and higher executive officer",3110
"846","HO","Female",2008,"Senior Civil Service",70
"847","HO","Female",2009,"Administrative officers and assistants",5920
"848","HO","Female",2009,"Executive officer",5120
"849","HO","Female",2009,"Grades 6 & 7",680
"850","HO","Female",2009,"Not reported",0
"851","HO","Female",2009,"Senior and higher executive officer",2980
"852","HO","Female",2009,"Senior Civil Service",80
"853","HO","Female",2010,"Administrative officers and assistants",5740
"854","HO","Female",2010,"Executive officer",5290
"855","HO","Female",2010,"Grades 6 & 7",830
"856","HO","Female",2010,"Not reported",0
"857","HO","Female",2010,"Senior and higher executive officer",3290
"858","HO","Female",2010,"Senior Civil Service",90
"859","HO","Female",2011,"Administrative officers and assistants",5980
"860","HO","Female",2011,"Executive officer",5670
"861","HO","Female",2011,"Grades 6 & 7",780
"862","HO","Female",2011,"Not reported",0
"863","HO","Female",2011,"Senior and higher executive officer",3210
"864","HO","Female",2011,"Senior Civil Service",70
"865","HO","Female",2012,"Administrative officers and assistants",5130
"866","HO","Female",2012,"Executive officer",4920
"867","HO","Female",2012,"Grades 6 & 7",750
"868","HO","Female",2012,"Not reported",0
"869","HO","Female",2012,"Senior and higher executive officer",2890
"870","HO","Female",2012,"Senior Civil Service",80
"871","HO","Male",2008,"Administrative officers and assistants",3850
"872","HO","Male",2008,"Executive officer",4010
"873","HO","Male",2008,"Grades 6 & 7",770
"874","HO","Male",2008,"Not reported",0
"875","HO","Male",2008,"Senior and higher executive officer",2800
"876","HO","Male",2008,"Senior Civil Service",150
"877","HO","Male",2009,"Administrative officers and assistants",3700
"878","HO","Male",2009,"Executive officer",4020
"879","HO","Male",2009,"Grades 6 & 7",790
"880","HO","Male",2009,"Not reported",0
"881","HO","Male",2009,"Senior and higher executive officer",2780
"882","HO","Male",2009,"Senior Civil Service",170
"883","HO","Male",2010,"Administrative officers and assistants",3650
"884","HO","Male",2010,"Executive officer",4060
"885","HO","Male",2010,"Grades 6 & 7",950
"886","HO","Male",2010,"Not reported",0
"887","HO","Male",2010,"Senior and higher executive officer",2970
"888","HO","Male",2010,"Senior Civil Service",160
"889","HO","Male",2011,"Administrative officers and assistants",4190
"890","HO","Male",2011,"Executive officer",5460
"891","HO","Male",2011,"Grades 6 & 7",910
"892","HO","Male",2011,"Not reported",0
"893","HO","Male",2011,"Senior and higher executive officer",3270
"894","HO","Male",2011,"Senior Civil Service",140
"895","HO","Male",2012,"Administrative officers and assistants",3630
"896","HO","Male",2012,"Executive officer",4930
"897","HO","Male",2012,"Grades 6 & 7",880
"898","HO","Male",2012,"Not reported",0
"899","HO","Male",2012,"Senior and higher executive officer",3000
"900","HO","Male",2012,"Senior Civil Service",140
"901","MOD","Female",2008,"Administrative officers and assistants",16250
"902","MOD","Female",2008,"Executive officer",4830
"903","MOD","Female",2008,"Grades 6 & 7",780
"904","MOD","Female",2008,"Not reported",840
"905","MOD","Female",2008,"Senior and higher executive officer",5680
"906","MOD","Female",2008,"Senior Civil Service",40
"907","MOD","Female",2009,"Administrative officers and assistants",15620
"908","MOD","Female",2009,"Executive officer",4860
"909","MOD","Female",2009,"Grades 6 & 7",820
"910","MOD","Female",2009,"Not reported",180
"911","MOD","Female",2009,"Senior and higher executive officer",6060
"912","MOD","Female",2009,"Senior Civil Service",50
"913","MOD","Female",2010,"Administrative officers and assistants",15380
"914","MOD","Female",2010,"Executive officer",4750
"915","MOD","Female",2010,"Grades 6 & 7",910
"916","MOD","Female",2010,"Not reported",280
"917","MOD","Female",2010,"Senior and higher executive officer",6260
"918","MOD","Female",2010,"Senior Civil Service",60
"919","MOD","Female",2011,"Administrative officers and assistants",14070
"920","MOD","Female",2011,"Executive officer",4430
"921","MOD","Female",2011,"Grades 6 & 7",920
"922","MOD","Female",2011,"Not reported",150
"923","MOD","Female",2011,"Senior and higher executive officer",6340
"924","MOD","Female",2011,"Senior Civil Service",50
"925","MOD","Female",2012,"Administrative officers and assistants",11000
"926","MOD","Female",2012,"Executive officer",3900
"927","MOD","Female",2012,"Grades 6 & 7",860
"928","MOD","Female",2012,"Not reported",150
"929","MOD","Female",2012,"Senior and higher executive officer",5730
"930","MOD","Female",2012,"Senior Civil Service",50
"931","MOD","Male",2008,"Administrative officers and assistants",22300
"932","MOD","Male",2008,"Executive officer",10400
"933","MOD","Male",2008,"Grades 6 & 7",3280
"934","MOD","Male",2008,"Not reported",2550
"935","MOD","Male",2008,"Senior and higher executive officer",14720
"936","MOD","Male",2008,"Senior Civil Service",280
"937","MOD","Male",2009,"Administrative officers and assistants",19540
"938","MOD","Male",2009,"Executive officer",10400
"939","MOD","Male",2009,"Grades 6 & 7",3300
"940","MOD","Male",2009,"Not reported",2230
"941","MOD","Male",2009,"Senior and higher executive officer",14540
"942","MOD","Male",2009,"Senior Civil Service",270
"943","MOD","Male",2010,"Administrative officers and assistants",20690
"944","MOD","Male",2010,"Executive officer",8990
"945","MOD","Male",2010,"Grades 6 & 7",3390
"946","MOD","Male",2010,"Not reported",2340
"947","MOD","Male",2010,"Senior and higher executive officer",14360
"948","MOD","Male",2010,"Senior Civil Service",280
"949","MOD","Male",2011,"Administrative officers and assistants",19100
"950","MOD","Male",2011,"Executive officer",8290
"951","MOD","Male",2011,"Grades 6 & 7",3220
"952","MOD","Male",2011,"Not reported",2350
"953","MOD","Male",2011,"Senior and higher executive officer",14580
"954","MOD","Male",2011,"Senior Civil Service",270
"955","MOD","Male",2012,"Administrative officers and assistants",15310
"956","MOD","Male",2012,"Executive officer",8360
"957","MOD","Male",2012,"Grades 6 & 7",2820
"958","MOD","Male",2012,"Not reported",2000
"959","MOD","Male",2012,"Senior and higher executive officer",12540
"960","MOD","Male",2012,"Senior Civil Service",220
"961","MOJ","Female",2008,"Administrative officers and assistants",28080
"962","MOJ","Female",2008,"Executive officer",7440
"963","MOJ","Female",2008,"Grades 6 & 7",1230
"964","MOJ","Female",2008,"Not reported",0
"965","MOJ","Female",2008,"Senior and higher executive officer",6110
"966","MOJ","Female",2008,"Senior Civil Service",120
"967","MOJ","Female",2009,"Administrative officers and assistants",27530
"968","MOJ","Female",2009,"Executive officer",8020
"969","MOJ","Female",2009,"Grades 6 & 7",1310
"970","MOJ","Female",2009,"Not reported",0
"971","MOJ","Female",2009,"Senior and higher executive officer",6240
"972","MOJ","Female",2009,"Senior Civil Service",110
"973","MOJ","Female",2010,"Administrative officers and assistants",26200
"974","MOJ","Female",2010,"Executive officer",7460
"975","MOJ","Female",2010,"Grades 6 & 7",1300
"976","MOJ","Female",2010,"Not reported",0
"977","MOJ","Female",2010,"Senior and higher executive officer",6060
"978","MOJ","Female",2010,"Senior Civil Service",110
"979","MOJ","Female",2011,"Administrative officers and assistants",25540
"980","MOJ","Female",2011,"Executive officer",7210
"981","MOJ","Female",2011,"Grades 6 & 7",1290
"982","MOJ","Female",2011,"Not reported",0
"983","MOJ","Female",2011,"Senior and higher executive officer",5920
"984","MOJ","Female",2011,"Senior Civil Service",90
"985","MOJ","Female",2012,"Administrative officers and assistants",23070
"986","MOJ","Female",2012,"Executive officer",5470
"987","MOJ","Female",2012,"Grades 6 & 7",1020
"988","MOJ","Female",2012,"Not reported",0
"989","MOJ","Female",2012,"Senior and higher executive officer",4300
"990","MOJ","Female",2012,"Senior Civil Service",70
"991","MOJ","Male",2008,"Administrative officers and assistants",33140
"992","MOJ","Male",2008,"Executive officer",5270
"993","MOJ","Male",2008,"Grades 6 & 7",1560
"994","MOJ","Male",2008,"Not reported",0
"995","MOJ","Male",2008,"Senior and higher executive officer",5490
"996","MOJ","Male",2008,"Senior Civil Service",210
"997","MOJ","Male",2009,"Administrative officers and assistants",33130
"998","MOJ","Male",2009,"Executive officer",5380
"999","MOJ","Male",2009,"Grades 6 & 7",1590
"1000","MOJ","Male",2009,"Not reported",0
"1001","MOJ","Male",2009,"Senior and higher executive officer",5560
"1002","MOJ","Male",2009,"Senior Civil Service",190
"1003","MOJ","Male",2010,"Administrative officers and assistants",32460
"1004","MOJ","Male",2010,"Executive officer",4800
"1005","MOJ","Male",2010,"Grades 6 & 7",1550
"1006","MOJ","Male",2010,"Not reported",0
"1007","MOJ","Male",2010,"Senior and higher executive officer",5450
"1008","MOJ","Male",2010,"Senior Civil Service",200
"1009","MOJ","Male",2011,"Administrative officers and assistants",31920
"1010","MOJ","Male",2011,"Executive officer",4590
"1011","MOJ","Male",2011,"Grades 6 & 7",1490
"1012","MOJ","Male",2011,"Not reported",0
"1013","MOJ","Male",2011,"Senior and higher executive officer",5200
"1014","MOJ","Male",2011,"Senior Civil Service",180
"1015","MOJ","Male",2012,"Administrative officers and assistants",26980
"1016","MOJ","Male",2012,"Executive officer",5410
"1017","MOJ","Male",2012,"Grades 6 & 7",1180
"1018","MOJ","Male",2012,"Not reported",0
"1019","MOJ","Male",2012,"Senior and higher executive officer",4170
"1020","MOJ","Male",2012,"Senior Civil Service",130
"1021","Whole Civil Service","Female",2008,"Administrative officers and assistants",147500
"1022","Whole Civil Service","Female",2008,"Executive officer",71760
"1023","Whole Civil Service","Female",2008,"Grades 6 & 7",12640
"1024","Whole Civil Service","Female",2008,"Not reported",960
"1025","Whole Civil Service","Female",2008,"Senior and higher executive officer",43440
"1026","Whole Civil Service","Female",2008,"Senior Civil Service",1520
"1027","Whole Civil Service","Female",2009,"Administrative officers and assistants",145050
"1028","Whole Civil Service","Female",2009,"Executive officer",72460
"1029","Whole Civil Service","Female",2009,"Grades 6 & 7",13750
"1030","Whole Civil Service","Female",2009,"Not reported",330
"1031","Whole Civil Service","Female",2009,"Senior and higher executive officer",44860
"1032","Whole Civil Service","Female",2009,"Senior Civil Service",1620
"1033","Whole Civil Service","Female",2010,"Administrative officers and assistants",140650
"1034","Whole Civil Service","Female",2010,"Executive officer",75180
"1035","Whole Civil Service","Female",2010,"Grades 6 & 7",14720
"1036","Whole Civil Service","Female",2010,"Not reported",410
"1037","Whole Civil Service","Female",2010,"Senior and higher executive officer",47130
"1038","Whole Civil Service","Female",2010,"Senior Civil Service",1730
"1039","Whole Civil Service","Female",2011,"Administrative officers and assistants",133140
"1040","Whole Civil Service","Female",2011,"Executive officer",70160
"1041","Whole Civil Service","Female",2011,"Grades 6 & 7",14290
"1042","Whole Civil Service","Female",2011,"Not reported",440
"1043","Whole Civil Service","Female",2011,"Senior and higher executive officer",44490
"1044","Whole Civil Service","Female",2011,"Senior Civil Service",1600
"1045","Whole Civil Service","Female",2012,"Administrative officers and assistants",122010
"1046","Whole Civil Service","Female",2012,"Executive officer",66410
"1047","Whole Civil Service","Female",2012,"Grades 6 & 7",13820
"1048","Whole Civil Service","Female",2012,"Not reported",240
"1049","Whole Civil Service","Female",2012,"Senior and higher executive officer",42070
"1050","Whole Civil Service","Female",2012,"Senior Civil Service",1550
"1051","Whole Civil Service","Male",2008,"Administrative officers and assistants",106690
"1052","Whole Civil Service","Male",2008,"Executive officer",58660
"1053","Whole Civil Service","Male",2008,"Grades 6 & 7",20450
"1054","Whole Civil Service","Male",2008,"Not reported",2700
"1055","Whole Civil Service","Male",2008,"Senior and higher executive officer",55570
"1056","Whole Civil Service","Male",2008,"Senior Civil Service",3270
"1057","Whole Civil Service","Male",2009,"Administrative officers and assistants",104940
"1058","Whole Civil Service","Male",2009,"Executive officer",58850
"1059","Whole Civil Service","Male",2009,"Grades 6 & 7",21190
"1060","Whole Civil Service","Male",2009,"Not reported",2510
"1061","Whole Civil Service","Male",2009,"Senior and higher executive officer",55560
"1062","Whole Civil Service","Male",2009,"Senior Civil Service",3310
"1063","Whole Civil Service","Male",2010,"Administrative officers and assistants",105140
"1064","Whole Civil Service","Male",2010,"Executive officer",58800
"1065","Whole Civil Service","Male",2010,"Grades 6 & 7",21910
"1066","Whole Civil Service","Male",2010,"Not reported",2390
"1067","Whole Civil Service","Male",2010,"Senior and higher executive officer",56090
"1068","Whole Civil Service","Male",2010,"Senior Civil Service",3340
"1069","Whole Civil Service","Male",2011,"Administrative officers and assistants",100050
"1070","Whole Civil Service","Male",2011,"Executive officer",53650
"1071","Whole Civil Service","Male",2011,"Grades 6 & 7",20820
"1072","Whole Civil Service","Male",2011,"Not reported",2530
"1073","Whole Civil Service","Male",2011,"Senior and higher executive officer",54270
"1074","Whole Civil Service","Male",2011,"Senior Civil Service",3010
"1075","Whole Civil Service","Male",2012,"Administrative officers and assistants",88530
"1076","Whole Civil Service","Male",2012,"Executive officer",52930
"1077","Whole Civil Service","Male",2012,"Grades 6 & 7",19790
"1078","Whole Civil Service","Male",2012,"Not reported",2100
"1079","Whole Civil Service","Male",2012,"Senior and higher executive officer",51490
"1080","Whole Civil Service","Male",2012,"Senior Civil Service",2870
