Dept,Whitehall?,Raw FTE 2010 Q3,Raw FTE 2010 Q4,Raw FTE 2011 Q1,Raw FTE 2011 Q2,Raw FTE 2011 Q3,Raw FTE 2011 Q4,Raw FTE 2012 Q1,Raw FTE 2012 Q2,Raw FTE 2012 Q3,Raw FTE 2012 Q4,Reclass 2010 Q3,Reclass 2010 Q4,Reclass 2011 Q1,Reclass 2011 Q2,Reclass 2011 Q3,Reclass 2011 Q4,Reclass 2012 Q1,Reclass 2012 Q2,Reclass 2012 Q3,Reclass 2012 Q4,Change 2010 Q3 FTE,Change 2010 Q4 FTE,Change 2011 Q1 FTE,Change 2011 Q2 FTE,Change 2011 Q3 FTE,Change 2011 Q4 FTE,Change 2012 Q1 FTE,Change 2012 Q2 FTE,Change 2012 Q3 FTE,Change 2012 Q4 FTE,% Change 2010 Q4 FTE,% Change 2011 Q1 FTE,% Change 2011 Q2 FTE,% Change 2011 Q3 FTE,% Change 2011 Q4 FTE,% Change 2012 Q1 FTE,% Change 2012 Q2 FTE,% Change 2012 Q3 FTE,% Change 2012 Q4 FTE, Product , Number of periods ,Change Rate,Cumulative endogenous change,Cumulative % cut, Check total change , Dept group , Dept group alt , Cumulative abs endog change to 2010 Q3 , Cumulative abs endog change to 2010 Q4 , Cumulative abs endog change to 2011 Q1 , Cumulative abs endog change to 2011 Q2 , Cumulative abs endog change to 2011 Q3 , Cumulative abs endog change to 2011 Q4 , Cumulative abs endog change to 2012 Q1 , Cumulative abs endog change to 2012 Q2 , Cumulative abs endog change to 2012 Q3 , Cumulative abs endog change to 2012 Q4 , Cumulative % endog change to 2010 Q3 , Cumulative % endog change to 2010 Q4 , Cumulative % endog change to 2011 Q1 , Cumulative % endog change to 2011 Q2 , Cumulative % endog change to 2011 Q3 , Cumulative % endog change to 2011 Q4 , Cumulative % endog change to 2012 Q1 , Cumulative % endog change to 2012 Q2 , Cumulative % endog change to 2012 Q3 , Cumulative % endog change to 2012 Q4 , Check cumulative change 
AGO,Core Whitehall Depts.,50,40,40,40,40,40,40,40,40,40,0,0,0,0,0,0,0,0,0,0,0,-10,0,0,0,0,0,0,0,0,-20.0%,0.0%,0.0%,0.0%,0.0%,0.0%,0.0%,0.0%,0.0%,80.0%,9,-2.45%,-10,-20.00%, OK , Other , Other ,0,-10,-10,-10,-10,-10,-10,-10,-10,-10,0,-20%,-20%,-20%,-20%,-20%,-20%,-20%,-20%,-20%,OK
BIS,Core Whitehall Depts.,3760,3420,3400,3170,2880,2910,2930,3040,3010,3020,0,0,0,0,0,0,-50,30,0,0,0,-340,-20,-230,-290,30,70,80,-30,10,-9.0%,-0.6%,-6.8%,-9.1%,1.0%,2.4%,2.7%,-1.0%,0.3%,80.9%,9,-2.33%,-720,-19.12%, OK , Policy , Policy ,0,-340,-360,-590,-880,-850,-780,-700,-730,-720,0,-9%,-10%,-16%,-23%,-23%,-21%,-19%,-19%,-19%,OK
CO,Core Whitehall Depts.,1500,1460,1520,1630,1630,1640,1710,1800,1770,1800,0,0,0,200,0,0,50,98,0,0,0,-40,60,-90,0,10,20,-8,-30,30,-2.7%,4.1%,-5.9%,0.0%,0.6%,1.2%,-0.5%,-1.7%,1.7%,96.6%,9,-0.38%,-48,-3.37%, OK , Centre , Centre ,0,-40,20,-70,-70,-60,-40,-48,-78,-48,0,-3%,1%,-5%,-5%,-4%,-3%,-3%,-5%,-3%,OK
DCLG,Core Whitehall Depts.,2520,2470,2250,2020,2110,1860,1820,1700,1680,1660,0,0,0,0,0,0,0,0,0,0,0,-50,-220,-230,90,-250,-40,-120,-20,-20,-2.0%,-8.9%,-10.2%,4.5%,-11.8%,-2.2%,-6.6%,-1.2%,-1.2%,65.9%,9,-4.53%,-860,-34.13%, OK , Policy , Policy ,0,-50,-270,-500,-410,-660,-700,-820,-840,-860,0,-2%,-11%,-20%,-16%,-26%,-28%,-33%,-33%,-34%,OK
DCMS,Core Whitehall Depts.,460,460,450,490,460,460,450,450,520,400,0,0,0,0,0,0,0,0,0,0,0,0,-10,40,-30,0,-10,0,70,-120,0.0%,-2.2%,8.9%,-6.1%,0.0%,-2.2%,0.0%,15.6%,-23.1%,87.0%,9,-1.54%,-60,-13.04%, OK , Policy , Policy ,0,0,-10,30,0,0,-10,-10,60,-60,0,0%,-2%,7%,0%,0%,-2%,-2%,13%,-13%,OK
DECC,Core Whitehall Depts.,1120,1130,1150,1170,1190,1230,1290,1320,1370,1390,0,0,0,0,0,0,0,0,0,0,0,10,20,20,20,40,60,30,50,20,0.9%,1.8%,1.7%,1.7%,3.4%,4.9%,2.3%,3.8%,1.5%,124.1%,9,2.43%,270,24.11%, OK , Policy , Policy ,0,10,30,50,70,110,170,200,250,270,0,1%,3%,4%,6%,10%,15%,18%,22%,24%,OK
DEFRA,Core Whitehall Depts.,2590,2570,2530,2340,2100,2080,2090,2060,2020,2040,0,0,0,0,0,0,0,0,0,0,0,-20,-40,-190,-240,-20,10,-30,-40,20,-0.8%,-1.6%,-7.5%,-10.3%,-1.0%,0.5%,-1.4%,-1.9%,1.0%,78.8%,9,-2.62%,-550,-21.24%, OK , Policy , Policy ,0,-20,-60,-250,-490,-510,-500,-530,-570,-550,0,-1%,-2%,-10%,-19%,-20%,-19%,-20%,-22%,-21%,OK
DfE,Core Whitehall Depts.,2800,2740,2660,2490,2490,2580,2590,2630,2550,2560,0,0,0,0,0,0,0,0,0,0,0,-60,-80,-170,0,90,10,40,-80,10,-2.1%,-2.9%,-6.4%,0.0%,3.6%,0.4%,1.5%,-3.0%,0.4%,91.4%,9,-0.99%,-240,-8.57%, OK , Policy , Policy ,0,-60,-140,-310,-310,-220,-210,-170,-250,-240,0,-2%,-5%,-11%,-11%,-8%,-8%,-6%,-9%,-9%,OK
DfID,Core Whitehall Depts.,1600,1580,1570,1560,1560,1620,1650,1690,1710,1730,0,0,0,0,0,0,0,0,0,0,0,-20,-10,-10,0,60,30,40,20,20,-1.3%,-0.6%,-0.6%,0.0%,3.8%,1.9%,2.4%,1.2%,1.2%,108.1%,9,0.87%,130,8.13%, OK , Foreign facing , Foreign facing ,0,-20,-30,-40,-40,20,50,90,110,130,0,-1%,-2%,-3%,-3%,1%,3%,6%,7%,8%,OK
DfT,Core Whitehall Depts.,2070,2030,1860,1780,1710,1660,1630,1640,1660,1700,0,0,0,0,0,0,0,0,0,0,0,-40,-170,-80,-70,-50,-30,10,20,40,-1.9%,-8.4%,-4.3%,-3.9%,-2.9%,-1.8%,0.6%,1.2%,2.4%,82.1%,9,-2.16%,-370,-17.87%, OK , Policy , Policy ,0,-40,-210,-290,-360,-410,-440,-430,-410,-370,0,-2%,-10%,-14%,-17%,-20%,-21%,-21%,-20%,-18%,OK
DH,Core Whitehall Depts.,2540,2570,2560,2390,2370,2330,2290,2270,2260,2240,0,0,0,0,0,0,0,0,0,0,0,30,-10,-170,-20,-40,-40,-20,-10,-20,1.2%,-0.4%,-6.6%,-0.8%,-1.7%,-1.7%,-0.9%,-0.4%,-0.9%,88.2%,9,-1.39%,-300,-11.81%, OK , Policy , Policy ,0,30,20,-150,-170,-210,-250,-270,-280,-300,0,1%,1%,-6%,-7%,-8%,-10%,-11%,-11%,-12%,OK
DWP,Core Whitehall Depts.,0,0,0,0,0,0,0,0,0,0,0,0,0,0,0,0,0,0,0,0,0,0,0,0,0,0,0,0,0,0,,,,,,,,,,,9,,0,,  , Delivery , Delivery ,0,0,0,0,0,0,0,0,0,0,0,,,,,,,,,,
FCO,Core Whitehall Depts.,5900,5770,5660,5560,5450,5770,5780,6420,5450,5600,0,0,0,0,0,0,0,0,0,0,0,-130,-110,-100,-110,320,10,640,-970,150,-2.2%,-1.9%,-1.8%,-2.0%,5.9%,0.2%,11.1%,-15.1%,2.8%,94.9%,9,-0.58%,-300,-5.08%, OK , Foreign facing , Foreign facing ,0,-130,-240,-340,-450,-130,-120,520,-450,-300,0,-2%,-4%,-6%,-8%,-2%,-2%,9%,-8%,-5%,OK
GEO,Core Whitehall Depts.,110,110,110,0,0,0,0,0,0,0,0,0,0,-110,0,0,0,0,0,0,0,0,0,0,0,0,0,0,0,0,0.0%,0.0%,0.0%,,,,,,,,9,,0,,  , Other , Other ,0,0,0,0,0,0,0,0,0,0,0,0%,0%,0%,,,,,,,
HMRC,Core Whitehall Depts.,0,0,0,0,0,0,0,0,0,0,0,0,0,0,0,0,0,0,0,0,0,0,0,0,0,0,0,0,0,0,,,,,,,,,,,9,,0,,  , Delivery , Delivery ,0,0,0,0,0,0,0,0,0,0,0,,,,,,,,,,
HMT,Core Whitehall Depts.,1360,1300,1240,1170,1150,1130,1200,1160,1160,1150,0,0,0,0,0,0,0,-30,0,0,0,-60,-60,-70,-20,-20,70,-10,0,-10,-4.4%,-4.6%,-5.6%,-1.7%,-1.7%,6.2%,-0.8%,0.0%,-0.9%,86.7%,9,-1.57%,-180,-13.25%, OK , Centre , Centre ,0,-60,-120,-190,-210,-230,-160,-170,-170,-180,0,-4%,-9%,-14%,-15%,-17%,-12%,-13%,-13%,-13%,OK
HO,Core Whitehall Depts.,0,0,0,0,0,0,0,0,0,0,0,0,0,0,0,0,0,0,0,0,0,0,0,0,0,0,0,0,0,0,,,,,,,,,,,9,,0,,  , Delivery , Delivery ,0,0,0,0,0,0,0,0,0,0,0,,,,,,,,,,
MoD,Core Whitehall Depts.,0,0,0,0,0,0,0,0,0,0,0,0,0,0,0,0,0,0,0,0,0,0,0,0,0,0,0,0,0,0,,,,,,,,,,,9,,0,,  , Delivery , Delivery ,0,0,0,0,0,0,0,0,0,0,0,,,,,,,,,,
MoJ,Core Whitehall Depts.,3300,4470,4510,4300,4250,4160,4060,4260,4290,4340,0,1269,0,0,0,0,0,200,100,25,0,-99,40,-210,-50,-90,-100,0,-70,25,-3.0%,0.9%,-4.7%,-1.2%,-2.1%,-2.4%,0.0%,-1.6%,0.6%,87.2%,9,-1.52%,-554,-12.84%, OK , Delivery , Delivery ,0,-99,-59,-269,-319,-409,-509,-509,-579,-554,0,-3%,-2%,-7%,-8%,-10%,-12%,-12%,-13%,-13%,OK
NIO,Core Whitehall Depts.,110,110,100,50,50,50,60,90,90,90,0,0,0,0,0,0,0,0,0,0,0,0,-10,-50,0,0,10,30,0,0,0.0%,-9.1%,-50.0%,0.0%,0.0%,20.0%,50.0%,0.0%,0.0%,81.8%,9,-2.21%,-20,-18.18%, OK , Other , Other ,0,0,-10,-60,-60,-60,-50,-20,-20,-20,0,0%,-9%,-55%,-55%,-55%,-45%,-18%,-18%,-18%,OK
Scot Gov,Core Whitehall Depts.,0,0,0,0,0,0,0,0,0,0,0,0,0,0,0,0,0,0,0,0,0,0,0,0,0,0,0,0,0,0,,,,,,,,,,,9,,0,,  , Other , Devolved ,0,0,0,0,0,0,0,0,0,0,0,,,,,,,,,,
Welsh Gov,Core Whitehall Depts.,0,0,0,0,0,0,0,0,0,0,0,0,0,0,0,0,0,0,0,0,0,0,0,0,0,0,0,0,0,0,,,,,,,,,,,9,,0,,  , Other , Devolved ,0,0,0,0,0,0,0,0,0,0,0,,,,,,,,,,
AGO,Non-Whitehall Civil Service,9100,8980,8900,8670,8460,8340,8340,8280,8180,8080,0,0,0,-40,0,0,0,0,0,0,0,-120,-80,-190,-210,-120,0,-60,-100,-100,-1.3%,-0.9%,-2.1%,-2.4%,-1.4%,0.0%,-0.7%,-1.2%,-1.2%,89.2%,9,-1.26%,-980,-10.80%, OK , Other , Other ,0,-120,-200,-390,-600,-720,-720,-780,-880,-980,0,-1%,-2%,-4%,-7%,-8%,-8%,-9%,-10%,-11%,OK
BIS,Non-Whitehall Civil Service,8460,8200,8120,7630,14880,14570,14220,14220,14170,14280,0,0,0,0,7290,0,0,0,0,0,0,-260,-80,-490,-40,-310,-350,0,-50,110,-3.1%,-1.0%,-6.0%,-0.5%,-2.1%,-2.4%,0.0%,-0.4%,0.8%,86.1%,9,-1.65%,-1470,-13.90%, OK , Policy , Policy ,0,-260,-340,-830,-870,-1180,-1530,-1530,-1580,-1470,0,-3%,-4%,-10%,-10%,-12%,-14%,-14%,-15%,-14%,OK
CO,Non-Whitehall Civil Service,1950,1630,1580,1330,1230,1200,1100,720,750,780,0,0,0,-200,0,0,0,-68,0,0,0,-320,-50,-50,-100,-30,-100,-312,30,30,-16.4%,-3.1%,-3.2%,-7.5%,-2.4%,-8.3%,-28.4%,4.2%,4.0%,50.4%,9,-7.34%,-902,-49.64%, OK , Centre , Centre ,0,-320,-370,-420,-520,-550,-650,-962,-932,-902,0,-16%,-19%,-22%,-27%,-29%,-35%,-54%,-52%,-50%,OK
DCLG,Non-Whitehall Civil Service,2090,2050,1950,1910,840,840,820,840,820,830,0,0,0,0,-1060,0,0,0,0,0,0,-40,-100,-40,-10,0,-20,20,-20,10,-1.9%,-4.9%,-2.1%,-0.5%,0.0%,-2.4%,2.4%,-2.4%,1.2%,89.8%,9,-1.18%,-200,-10.17%, OK , Policy , Policy ,0,-40,-140,-180,-190,-190,-210,-190,-210,-200,0,-2%,-7%,-9%,-9%,-9%,-11%,-9%,-11%,-10%,OK
DCMS,Non-Whitehall Civil Service,110,120,120,120,110,110,120,130,130,110,0,0,0,0,0,0,0,0,0,0,0,10,0,0,-10,0,10,10,0,-20,9.1%,0.0%,0.0%,-8.3%,0.0%,9.1%,8.3%,0.0%,-15.4%,100.0%,9,0.00%,0,0.00%, OK , Policy , Policy ,0,10,10,10,0,0,10,20,20,0,0,9%,9%,9%,0%,0%,9%,18%,18%,0%,OK
DECC,Non-Whitehall Civil Service,0,0,0,0,0,0,0,0,0,0,0,0,0,0,0,0,0,0,0,0,0,0,0,0,0,0,0,0,0,0,,,,,,,,,,,9,,0,,  , Policy , Policy ,0,0,0,0,0,0,0,0,0,0,0,,,,,,,,,,
DEFRA,Non-Whitehall Civil Service,7070,6910,6880,6870,6560,6440,6400,6290,6210,6170,0,0,0,0,0,0,0,0,0,0,0,-160,-30,-10,-310,-120,-40,-110,-80,-40,-2.3%,-0.4%,-0.1%,-4.5%,-1.8%,-0.6%,-1.7%,-1.3%,-0.6%,87.3%,9,-1.50%,-900,-12.73%, OK , Policy , Policy ,0,-160,-190,-200,-510,-630,-670,-780,-860,-900,0,-2%,-3%,-3%,-7%,-9%,-9%,-11%,-12%,-13%,OK
DfE,Non-Whitehall Civil Service,1670,1630,1620,1610,1590,1670,1670,2750,2660,2580,0,0,0,0,0,0,0,1120,0,0,0,-40,-10,-10,-20,80,0,-40,-90,-80,-2.4%,-0.6%,-0.6%,-1.2%,5.0%,0.0%,-2.4%,-3.3%,-3.0%,91.6%,9,-0.97%,-210,-8.43%, OK , Policy , Policy ,0,-40,-50,-60,-80,0,0,-40,-130,-210,0,-2%,-3%,-4%,-5%,0%,0%,-2%,-6%,-8%,OK
DfID,Non-Whitehall Civil Service,0,0,0,0,0,0,0,0,0,0,0,0,0,0,0,0,0,0,0,0,0,0,0,0,0,0,0,0,0,0,,,,,,,,,,,9,,0,,  , Foreign facing , Foreign facing ,0,0,0,0,0,0,0,0,0,0,0,,,,,,,,,,
DfT,Non-Whitehall Civil Service,16330,16120,15810,15600,15460,15370,15290,15200,15110,15070,0,0,0,0,0,0,0,0,0,0,0,-210,-310,-210,-140,-90,-80,-90,-90,-40,-1.3%,-1.9%,-1.3%,-0.9%,-0.6%,-0.5%,-0.6%,-0.6%,-0.3%,92.3%,9,-0.89%,-1260,-7.72%, OK , Policy , Policy ,0,-210,-520,-730,-870,-960,-1040,-1130,-1220,-1260,0,-1%,-3%,-4%,-5%,-6%,-6%,-7%,-7%,-8%,OK
DH,Non-Whitehall Civil Service,2570,2520,2460,2460,2240,2210,2180,2180,2190,2180,0,0,0,0,0,0,0,0,0,0,0,-50,-60,0,-220,-30,-30,0,10,-10,-1.9%,-2.4%,0.0%,-8.9%,-1.3%,-1.4%,0.0%,0.5%,-0.5%,84.8%,9,-1.81%,-390,-15.18%, OK , Policy , Policy ,0,-50,-110,-110,-330,-360,-390,-390,-380,-390,0,-2%,-4%,-4%,-13%,-14%,-15%,-15%,-15%,-15%,OK
DWP,Non-Whitehall Civil Service,115430,112320,109590,105700,102380,101100,99800,98210,98450,97290,0,0,0,0,0,0,0,0,0,0,0,-3110,-2730,-3890,-3320,-1280,-1300,-1590,240,-1160,-2.7%,-2.4%,-3.5%,-3.1%,-1.3%,-1.3%,-1.6%,0.2%,-1.2%,84.3%,9,-1.88%,-18140,-15.72%, OK , Delivery , Delivery ,0,-3110,-5840,-9730,-13050,-14330,-15630,-17220,-16980,-18140,0,-3%,-5%,-8%,-11%,-12%,-14%,-15%,-15%,-16%,OK
FCO,Non-Whitehall Civil Service,5660,5630,5370,5350,5310,5290,5290,5260,5270,5300,0,0,0,0,0,0,0,0,0,0,0,-30,-260,-20,-40,-20,0,-30,10,30,-0.5%,-4.6%,-0.4%,-0.7%,-0.4%,0.0%,-0.6%,0.2%,0.6%,93.6%,9,-0.73%,-360,-6.36%, OK , Foreign facing , Foreign facing ,0,-30,-290,-310,-350,-370,-370,-400,-390,-360,0,-1%,-5%,-5%,-6%,-7%,-7%,-7%,-7%,-6%,OK
GEO,Non-Whitehall Civil Service,0,0,0,0,0,0,0,0,0,0,0,0,0,0,0,0,0,0,0,0,0,0,0,0,0,0,0,0,0,0,,,,,,,,,,,9,,0,,  , Other , Other ,0,0,0,0,0,0,0,0,0,0,0,,,,,,,,,,
HMRC,Non-Whitehall Civil Service,71320,70540,70610,71180,70570,70440,69940,69160,68170,67880,0,0,0,0,0,0,0,0,0,0,0,-780,70,570,-610,-130,-500,-780,-990,-290,-1.1%,0.1%,0.8%,-0.9%,-0.2%,-0.7%,-1.1%,-1.4%,-0.4%,95.2%,9,-0.55%,-3440,-4.82%, OK , Delivery , Delivery ,0,-780,-710,-140,-750,-880,-1380,-2160,-3150,-3440,0,-1%,-1%,0%,-1%,-1%,-2%,-3%,-4%,-5%,OK
HMT,Non-Whitehall Civil Service,3640,3570,3620,3530,3490,3430,3400,3360,3380,3340,0,0,0,0,0,0,0,0,0,0,0,-70,50,-90,-40,-60,-30,-40,20,-40,-1.9%,1.4%,-2.5%,-1.1%,-1.7%,-0.9%,-1.2%,0.6%,-1.2%,91.8%,9,-0.95%,-300,-8.24%, OK , Centre , Centre ,0,-70,-20,-110,-150,-210,-240,-280,-260,-300,0,-2%,-1%,-3%,-4%,-6%,-7%,-8%,-7%,-8%,OK
HO,Non-Whitehall Civil Service,29070,27910,27380,26310,25580,24850,24640,24520,24430,24630,0,0,0,150,0,0,0,0,0,40,0,-1160,-530,-1220,-730,-730,-210,-120,-90,160,-4.0%,-1.9%,-4.5%,-2.8%,-2.9%,-0.8%,-0.5%,-0.4%,0.7%,84.1%,9,-1.90%,-4630,-15.89%, OK , Delivery , Delivery ,0,-1160,-1690,-2910,-3640,-4370,-4580,-4700,-4790,-4630,0,-4%,-6%,-10%,-13%,-15%,-16%,-16%,-16%,-16%,OK
MoD,Non-Whitehall Civil Service,73590,73130,72080,70680,68000,64590,61330,59640,58760,57350,0,0,0,0,-1760,0,0,0,0,0,0,-460,-1050,-1400,-920,-3410,-3260,-1690,-880,-1410,-0.6%,-1.4%,-1.9%,-1.3%,-5.0%,-5.0%,-2.8%,-1.5%,-2.4%,79.9%,9,-2.46%,-14480,-20.05%, OK , Delivery , Delivery ,0,-460,-1510,-2910,-3830,-7240,-10500,-12190,-13070,-14480,0,-1%,-2%,-4%,-5%,-10%,-15%,-17%,-18%,-20%,OK
MoJ,Non-Whitehall Civil Service,75930,74320,73700,71750,66470,64450,63290,61890,60780,60120,0,-1269,0,0,-4470,0,0,-200,-100,-25,0,-341,-620,-1950,-810,-2020,-1160,-1200,-1010,-635,-0.4%,-0.8%,-2.6%,-1.1%,-3.0%,-1.8%,-1.9%,-1.6%,-1.0%,86.4%,9,-1.61%,-9746,-13.60%, OK , Delivery , Delivery ,0,-341,-961,-2911,-3721,-5741,-6901,-8101,-9111,-9746,0,0%,-1%,-4%,-5%,-8%,-10%,-11%,-13%,-14%,OK
NIO,Non-Whitehall Civil Service,0,0,0,0,0,0,0,0,0,0,0,0,0,0,0,0,0,0,0,0,0,0,0,0,0,0,0,0,0,0,,,,,,,,,,,9,,0,,  , Other , Other ,0,0,0,0,0,0,0,0,0,0,0,,,,,,,,,,
Scot Gov,Non-Whitehall Civil Service,16750,16620,16370,16190,16080,15800,15720,15770,15690,15660,0,0,0,0,0,0,0,0,0,0,0,-130,-250,-180,-110,-280,-80,50,-80,-30,-0.8%,-1.5%,-1.1%,-0.7%,-1.7%,-0.5%,0.3%,-0.5%,-0.2%,93.5%,9,-0.74%,-1090,-6.51%, OK , Other , Devolved ,0,-130,-380,-560,-670,-950,-1030,-980,-1060,-1090,0,-1%,-2%,-3%,-4%,-6%,-6%,-6%,-6%,-7%,OK
Welsh Gov,Non-Whitehall Civil Service,5610,5550,5450,5300,5110,5100,5170,5230,5310,5310,0,0,0,0,0,0,0,0,0,0,0,-60,-100,-150,-190,-10,70,60,80,0,-1.1%,-1.8%,-2.8%,-3.6%,-0.2%,1.4%,1.2%,1.5%,0.0%,94.7%,9,-0.61%,-300,-5.35%, OK , Other , Devolved ,0,-60,-160,-310,-500,-510,-440,-380,-300,-300,0,-1%,-3%,-6%,-9%,-9%,-8%,-7%,-5%,-5%,OK
AGO,Total,9150,9020,8940,8710,8500,8380,8380,8320,8220,8120,0,0,0,-40,0,0,0,0,0,0,0,-130,-80,-190,-210,-120,0,-60,-100,-100,-1.4%,-0.9%,-2.1%,-2.4%,-1.4%,0.0%,-0.7%,-1.2%,-1.2%,89.2%,9,-1.27%,-990,-10.85%, OK , Other , Other ,0,-130,-210,-400,-610,-730,-730,-790,-890,-990,0,-1%,-2%,-4%,-7%,-8%,-8%,-9%,-10%,-11%,OK
BIS,Total,12220,11620,11520,10800,17760,17480,17150,17260,17180,17300,0,0,0,0,7290,0,-50,30,0,0,0,-600,-100,-720,-330,-280,-280,80,-80,120,-4.9%,-0.9%,-6.3%,-3.1%,-1.6%,-1.6%,0.5%,-0.5%,0.7%,83.6%,9,-1.98%,-2190,-16.44%, OK , Policy , Policy ,0,-600,-700,-1420,-1750,-2030,-2310,-2230,-2310,-2190,0,-5%,-6%,-12%,-14%,-16%,-17%,-17%,-17%,-16%,OK
CO,Total,3450,3090,3100,2960,2860,2840,2810,2520,2520,2580,0,0,0,0,0,0,50,30,0,0,0,-360,10,-140,-100,-20,-80,-320,0,60,-10.4%,0.3%,-4.5%,-3.4%,-0.7%,-2.8%,-11.4%,0.0%,2.4%,72.6%,9,-3.50%,-950,-27.42%, OK , Centre , Centre ,0,-360,-350,-490,-590,-610,-690,-1010,-1010,-950,0,-10%,-10%,-14%,-17%,-18%,-20%,-29%,-29%,-27%,OK
DCLG,Total,4610,4520,4200,3930,2950,2700,2640,2540,2500,2490,0,0,0,0,-1060,0,0,0,0,0,0,-90,-320,-270,80,-250,-60,-100,-40,-10,-2.0%,-7.1%,-6.4%,2.0%,-8.5%,-2.2%,-3.8%,-1.6%,-0.4%,73.4%,9,-3.37%,-1060,-26.58%, OK , Policy , Policy ,0,-90,-410,-680,-600,-850,-910,-1010,-1050,-1060,0,-2%,-9%,-15%,-13%,-20%,-22%,-25%,-26%,-27%,OK
DCMS,Total,570,580,570,610,570,570,570,580,650,510,0,0,0,0,0,0,0,0,0,0,0,10,-10,40,-40,0,0,10,70,-140,1.8%,-1.7%,7.0%,-6.6%,0.0%,0.0%,1.8%,12.1%,-21.5%,89.5%,9,-1.23%,-60,-10.53%, OK , Policy , Policy ,0,10,0,40,0,0,0,10,80,-60,0,2%,0%,7%,0%,0%,0%,2%,14%,-11%,OK
DECC,Total,1120,1130,1150,1170,1190,1230,1290,1320,1370,1390,0,0,0,0,0,0,0,0,0,0,0,10,20,20,20,40,60,30,50,20,0.9%,1.8%,1.7%,1.7%,3.4%,4.9%,2.3%,3.8%,1.5%,124.1%,9,2.43%,270,24.11%, OK , Policy , Policy ,0,10,30,50,70,110,170,200,250,270,0,1%,3%,4%,6%,10%,15%,18%,22%,24%,OK
DEFRA,Total,9660,9480,9410,9210,8660,8520,8490,8350,8230,8210,0,0,0,0,0,0,0,0,0,0,0,-180,-70,-200,-550,-140,-30,-140,-120,-20,-1.9%,-0.7%,-2.1%,-6.0%,-1.6%,-0.4%,-1.6%,-1.4%,-0.2%,85.0%,9,-1.79%,-1450,-15.01%, OK , Policy , Policy ,0,-180,-250,-450,-1000,-1140,-1170,-1310,-1430,-1450,0,-2%,-3%,-5%,-10%,-12%,-12%,-14%,-15%,-15%,OK
DfE,Total,4470,4370,4280,4100,4080,4250,4260,5380,5210,5140,0,0,0,0,0,0,0,1120,0,0,0,-100,-90,-180,-20,170,10,0,-170,-70,-2.2%,-2.1%,-4.2%,-0.5%,4.2%,0.2%,0.0%,-3.2%,-1.3%,91.1%,9,-1.04%,-450,-8.95%, OK , Policy , Policy ,0,-100,-190,-370,-390,-220,-210,-210,-380,-450,0,-2%,-4%,-8%,-9%,-5%,-5%,-5%,-8%,-9%,OK
DfID,Total,1600,1580,1570,1560,1560,1620,1650,1690,1710,1730,0,0,0,0,0,0,0,0,0,0,0,-20,-10,-10,0,60,30,40,20,20,-1.3%,-0.6%,-0.6%,0.0%,3.8%,1.9%,2.4%,1.2%,1.2%,108.1%,9,0.87%,130,8.13%, OK , Foreign facing , Foreign facing ,0,-20,-30,-40,-40,20,50,90,110,130,0,-1%,-2%,-3%,-3%,1%,3%,6%,7%,8%,OK
DfT,Total,18400,18150,17670,17380,17170,17030,16920,16840,16770,16770,0,0,0,0,0,0,0,0,0,0,0,-250,-480,-290,-210,-140,-110,-80,-70,0,-1.4%,-2.6%,-1.6%,-1.2%,-0.8%,-0.6%,-0.5%,-0.4%,0.0%,91.1%,9,-1.03%,-1630,-8.86%, OK , Policy , Policy ,0,-250,-730,-1020,-1230,-1370,-1480,-1560,-1630,-1630,0,-1%,-4%,-6%,-7%,-7%,-8%,-8%,-9%,-9%,OK
DH,Total,5110,5090,5020,4850,4610,4540,4470,4450,4450,4420,0,0,0,0,0,0,0,0,0,0,0,-20,-70,-170,-240,-70,-70,-20,0,-30,-0.4%,-1.4%,-3.4%,-4.9%,-1.5%,-1.5%,-0.4%,0.0%,-0.7%,86.5%,9,-1.60%,-690,-13.50%, OK , Policy , Policy ,0,-20,-90,-260,-500,-570,-640,-660,-660,-690,0,0%,-2%,-5%,-10%,-11%,-13%,-13%,-13%,-14%,OK
DWP,Total,115430,112320,109590,105700,102380,101100,99800,98210,98450,97290,0,0,0,0,0,0,0,0,0,0,0,-3110,-2730,-3890,-3320,-1280,-1300,-1590,240,-1160,-2.7%,-2.4%,-3.5%,-3.1%,-1.3%,-1.3%,-1.6%,0.2%,-1.2%,84.3%,9,-1.88%,-18140,-15.72%, OK , Delivery , Delivery ,0,-3110,-5840,-9730,-13050,-14330,-15630,-17220,-16980,-18140,0,-3%,-5%,-8%,-11%,-12%,-14%,-15%,-15%,-16%,OK
FCO,Total,11560,11400,11030,10910,10760,11060,11070,11680,10720,10900,0,0,0,0,0,0,0,0,0,0,0,-160,-370,-120,-150,300,10,610,-960,180,-1.4%,-3.2%,-1.1%,-1.4%,2.8%,0.1%,5.5%,-8.2%,1.7%,94.3%,9,-0.65%,-660,-5.71%, OK , Foreign facing , Foreign facing ,0,-160,-530,-650,-800,-500,-490,120,-840,-660,0,-1%,-5%,-6%,-7%,-4%,-4%,1%,-7%,-6%,OK
GEO,Total,110,110,110,0,0,0,0,0,0,0,0,0,0,-110,0,0,0,0,0,0,0,0,0,0,0,0,0,0,0,0,0.0%,0.0%,0.0%,,,,,,,,9,,0,,  , Other , Other ,0,0,0,0,0,0,0,0,0,0,0,0%,0%,0%,,,,,,,
HMRC,Total,71320,70540,70610,71180,70570,70440,69940,69160,68170,67880,0,0,0,0,0,0,0,0,0,0,0,-780,70,570,-610,-130,-500,-780,-990,-290,-1.1%,0.1%,0.8%,-0.9%,-0.2%,-0.7%,-1.1%,-1.4%,-0.4%,95.2%,9,-0.55%,-3440,-4.82%, OK , Delivery , Delivery ,0,-780,-710,-140,-750,-880,-1380,-2160,-3150,-3440,0,-1%,-1%,0%,-1%,-1%,-2%,-3%,-4%,-5%,OK
HMT,Total,5000,4870,4860,4700,4640,4560,4600,4520,4540,4490,0,0,0,0,0,0,0,-30,0,0,0,-130,-10,-160,-60,-80,40,-50,20,-50,-2.6%,-0.2%,-3.3%,-1.3%,-1.7%,0.9%,-1.1%,0.4%,-1.1%,90.4%,9,-1.12%,-480,-9.60%, OK , Centre , Centre ,0,-130,-140,-300,-360,-440,-400,-450,-430,-480,0,-3%,-3%,-6%,-7%,-9%,-8%,-9%,-9%,-10%,OK
HO,Total,29070,27910,27380,26310,25580,24850,24640,24520,24430,24630,0,0,0,150,0,0,0,0,0,40,0,-1160,-530,-1220,-730,-730,-210,-120,-90,160,-4.0%,-1.9%,-4.5%,-2.8%,-2.9%,-0.8%,-0.5%,-0.4%,0.7%,84.1%,9,-1.90%,-4630,-15.89%, OK , Delivery , Delivery ,0,-1160,-1690,-2910,-3640,-4370,-4580,-4700,-4790,-4630,0,-4%,-6%,-10%,-13%,-15%,-16%,-16%,-16%,-16%,OK
MoD,Total,73590,73130,72080,70680,68000,64590,61330,59640,58760,57350,0,0,0,0,-1760,0,0,0,0,0,0,-460,-1050,-1400,-920,-3410,-3260,-1690,-880,-1410,-0.6%,-1.4%,-1.9%,-1.3%,-5.0%,-5.0%,-2.8%,-1.5%,-2.4%,79.9%,9,-2.46%,-14480,-20.05%, OK , Delivery , Delivery ,0,-460,-1510,-2910,-3830,-7240,-10500,-12190,-13070,-14480,0,-1%,-2%,-4%,-5%,-10%,-15%,-17%,-18%,-20%,OK
MoJ,Total,79230,78790,78210,76050,70720,68610,67350,66150,65070,64460,0,0,0,0,-4470,0,0,0,0,0,0,-440,-580,-2160,-860,-2110,-1260,-1200,-1080,-610,-0.6%,-0.7%,-2.8%,-1.1%,-3.0%,-1.8%,-1.8%,-1.6%,-0.9%,86.5%,9,-1.60%,-10300,-13.50%, OK , Delivery , Delivery ,0,-440,-1020,-3180,-4040,-6150,-7410,-8610,-9690,-10300,0,-1%,-1%,-4%,-5%,-8%,-10%,-11%,-13%,-13%,OK
NIO,Total,110,110,100,50,50,50,60,90,90,90,0,0,0,0,0,0,0,0,0,0,0,0,-10,-50,0,0,10,30,0,0,0.0%,-9.1%,-50.0%,0.0%,0.0%,20.0%,50.0%,0.0%,0.0%,81.8%,9,-2.21%,-20,-18.18%, OK , Other , Other ,0,0,-10,-60,-60,-60,-50,-20,-20,-20,0,0%,-9%,-55%,-55%,-55%,-45%,-18%,-18%,-18%,OK
Scot Gov,Total,16750,16620,16370,16190,16080,15800,15720,15770,15690,15660,0,0,0,0,0,0,0,0,0,0,0,-130,-250,-180,-110,-280,-80,50,-80,-30,-0.8%,-1.5%,-1.1%,-0.7%,-1.7%,-0.5%,0.3%,-0.5%,-0.2%,93.5%,9,-0.74%,-1090,-6.51%, OK , Other , Devolved ,0,-130,-380,-560,-670,-950,-1030,-980,-1060,-1090,0,-1%,-2%,-3%,-4%,-6%,-6%,-6%,-6%,-7%,OK
Welsh Gov,Total,5610,5550,5450,5300,5110,5100,5170,5230,5310,5310,0,0,0,0,0,0,0,0,0,0,0,-60,-100,-150,-190,-10,70,60,80,0,-1.1%,-1.8%,-2.8%,-3.6%,-0.2%,1.4%,1.2%,1.5%,0.0%,94.7%,9,-0.61%,-300,-5.35%, OK , Other , Devolved ,0,-60,-160,-310,-500,-510,-440,-380,-300,-300,0,-1%,-3%,-6%,-9%,-9%,-8%,-7%,-5%,-5%,OK
Total,Core Whitehall Depts.,31790,32230,31610,30160,29440,29520,29590,30570,29580,29760,0,1269,0,90,0,0,0,298,100,25,0,-829,-620,-1540,-720,80,70,682,-1090,155,-2.6%,-1.9%,-4.9%,-2.4%,0.3%,0.2%,2.3%,-3.6%,0.5%,88.4%,9,-1.36%,-3812,-11.59%, OK , N/A , N/A ,0,-829,-1449,-2989,-3709,-3629,-3559,-2877,-3967,-3812,0,-3%,-4%,-9%,-11%,-11%,-11%,-9%,-12%,-12%,OK
Total,Non-Whitehall Civil Service,446350,437750,431610,422190,414360,405800,398720,393650,390460,386960,0,-1269,0,-90,0,0,0,852,-100,15,0,-7331,-6140,-9330,-7830,-8560,-7080,-5922,-3090,-3515,-1.6%,-1.4%,-2.2%,-1.9%,-2.1%,-1.7%,-1.5%,-0.8%,-0.9%,86.8%,9,-1.56%,-58798,-13.21%, OK , N/A , N/A ,0,-7331,-13471,-22801,-30631,-39191,-46271,-52193,-55283,-58798,0,-2%,-3%,-5%,-7%,-9%,-10%,-12%,-12%,-13%,OK
Total,Total,478140,469980,463220,452350,443800,435320,428310,424220,420040,416720,0,0,0,0,0,0,0,1150,0,40,0,-8160,-6760,-10870,-8550,-8480,-7010,-5240,-4180,-3360,-1.7%,-1.4%,-2.3%,-1.9%,-1.9%,-1.6%,-1.2%,-1.0%,-0.8%,86.9%,9,-1.55%,-62610,-13.09%, OK , N/A , N/A ,0,-8160,-14920,-25790,-34340,-42820,-49830,-55070,-59250,-62610,0,-2%,-3%,-5%,-7%,-9%,-10%,-12%,-12%,-13%,OK
Total excl. WH FCO,Core Whitehall Depts.,25890,26460,25950,24600,23990,23750,23810,24150,24130,24160,0,1269,0,90,0,0,0,298,100,25,0,-699,-510,-1440,-610,-240,60,42,-120,5,-2.7%,-1.9%,-5.5%,-2.5%,-1.0%,0.3%,0.2%,-0.5%,0.0%,87.0%,9,-1.54%,-3512,-13.03%, OK , N/A , N/A ,0,-699,-1209,-2649,-3259,-3499,-3439,-3397,-3517,-3512,0,-3%,-5%,-10%,-12%,-13%,-13%,-13%,-13%,-13%,OK
Total excl. WH FCO,Non-Whitehall Civil Service,446350,437750,431610,422190,414360,405800,398720,393650,390460,386960,0,-1269,0,-90,0,0,0,852,-100,15,0,-7331,-6140,-9330,-7830,-8560,-7080,-5922,-3090,-3515,-1.6%,-1.4%,-2.2%,-1.9%,-2.1%,-1.7%,-1.5%,-0.8%,-0.9%,86.8%,9,-1.56%,-58798,-13.21%, OK , N/A , N/A ,0,-7331,-13471,-22801,-30631,-39191,-46271,-52193,-55283,-58798,0,-2%,-3%,-5%,-7%,-9%,-10%,-12%,-12%,-13%,OK
Total excl. WH FCO,Total,472240,464210,457560,446790,438350,429550,422530,417800,414590,411120,0,0,0,0,0,0,0,1150,0,40,0,-8030,-6650,-10770,-8440,-8800,-7020,-5880,-3210,-3510,-1.7%,-1.4%,-2.4%,-1.9%,-2.0%,-1.6%,-1.4%,-0.8%,-0.8%,86.8%,9,-1.56%,-62310,-13.19%, OK , N/A , N/A ,0,-8030,-14680,-25450,-33890,-42690,-49710,-55590,-58800,-62310,0,-2%,-3%,-5%,-7%,-9%,-11%,-12%,-12%,-13%,OK
,,,,,,,,,,,,,,,,,,,,,,,,,,,,,,,,,,,,,,,,,,,,,,,,,,,,,,,,,,,,,,,,,,,,,
WH as %,,6.6%,6.9%,6.8%,6.7%,6.6%,6.8%,6.9%,7.2%,7.0%,7.1%,,,,,,,,,,,#DIV/0!,10.2%,9.2%,14.2%,8.4%,-0.9%,-1.0%,-13.0%,26.1%,-4.6%,,,,,,,,,,,,,,,,,,,10.2%,9.7%,11.6%,10.8%,8.5%,7.1%,5.2%,6.7%,6.1%,,,,,,,,,,,
